,year,month,CPI_ALCOHOL_rog,CPI_FOOD_rog,CPI_NONFOOD_rog,CPI_SERVICES_rog,CPI_rog,EXPORT_GOODS_bln_usd,GOV_EXPENSE_CONSOLIDATED_bln_rub,GOV_EXPENSE_FEDERAL_bln_rub,GOV_EXPENSE_SUBFEDERAL_bln_rub,GOV_REVENUE_CONSOLIDATED_bln_rub,GOV_REVENUE_FEDERAL_bln_rub,GOV_REVENUE_SUBFEDERAL_bln_rub,GOV_SURPLUS_FEDERAL_bln_rub,GOV_SURPLUS_SUBFEDERAL_bln_rub,IMPORT_GOODS_bln_usd,INDPRO_rog,INDPRO_yoy,INVESTMENT_bln_rub,INVESTMENT_rog,INVESTMENT_yoy,RETAIL_SALES_FOOD_bln_rub,RETAIL_SALES_FOOD_rog,RETAIL_SALES_FOOD_yoy,RETAIL_SALES_NONFOOD_bln_rub,RETAIL_SALES_NONFOOD_rog,RETAIL_SALES_NONFOOD_yoy,RETAIL_SALES_bln_rub,RETAIL_SALES_rog,RETAIL_SALES_yoy,TRANSPORT_FREIGHT_bln_tkm,UNEMPL_pct,WAGE_NOMINAL_rub,WAGE_REAL_rog,WAGE_REAL_yoy
1999-01-31,1999,1,109.7,110.4,106.2,104.1,108.4,4.5,45.6,27.4,22.7,49.0,27.8,25.7,0.4,3.0,2.7,,,28.5,42.5,92.2,60.3,82.5,90.3,61.5,81.0,79.0,121.8,81.7,84.0,277.7,14.3,1167.0,72.5,58.6
1999-02-28,1999,2,104.2,104.4,104.0,103.2,104.1,4.9,57.5,33.6,26.5,50.3,26.9,26.0,-6.7,-0.5,3.0,,,31.8,108.4,93.8,60.7,96.5,93.7,62.2,97.4,85.4,122.9,96.9,89.2,252.1,14.6,1199.0,99.1,59.0
1999-03-31,1999,3,103.4,102.7,103.2,101.9,102.8,5.8,85.9,47.3,42.3,72.6,34.4,41.9,-12.9,-0.4,3.5,,,36.5,111.2,95.1,65.8,105.5,94.1,68.5,106.6,89.1,134.3,106.0,91.4,291.4,14.0,1385.0,111.7,62.8
1999-04-30,1999,4,103.4,102.5,104.0,103.1,103.0,6.6,96.5,51.8,47.2,92.1,44.8,49.8,-7.0,2.6,3.3,,,36.9,97.2,94.7,66.2,98.1,90.6,69.2,97.1,87.5,135.4,97.6,88.9,277.1,13.5,1423.0,100.0,64.0
1999-05-31,1999,5,101.8,102.0,102.7,102.1,102.2,5.1,95.3,53.3,46.3,85.9,39.8,50.4,-13.5,4.1,2.9,,,41.4,109.2,99.2,68.6,101.6,91.8,70.3,98.9,87.8,138.9,100.2,89.7,282.1,12.9,1472.0,101.2,65.1
1999-06-30,1999,6,101.4,101.8,101.6,103.5,101.9,5.4,106.0,58.7,55.0,98.7,52.9,53.5,-5.8,-1.5,4.0,,,52.8,124.3,102.9,69.5,99.6,92.4,72.7,101.8,90.3,142.2,100.7,91.3,271.9,12.8,1626.0,107.7,66.0
1999-07-31,1999,7,102.1,103.3,101.9,103.1,102.8,6.3,101.8,56.8,48.5,102.1,55.5,50.1,-1.3,1.6,3.2,,,56.2,102.6,102.1,71.6,99.8,90.1,74.2,100.1,88.4,145.8,100.0,89.2,276.2,12.5,1618.0,96.9,65.0
1999-08-31,1999,8,101.9,100.3,102.4,101.9,101.2,6.2,105.8,52.8,57.0,108.0,52.2,59.3,-0.6,2.3,3.1,,,61.8,106.2,101.9,74.0,102.9,88.5,83.6,110.0,89.0,157.6,106.5,88.8,281.2,12.1,1608.0,98.1,69.3
1999-09-30,1999,9,102.0,100.7,102.7,102.0,101.5,6.4,101.4,52.5,55.1,100.6,53.0,54.3,0.5,-0.8,3.1,,,67.6,104.1,111.1,77.0,103.2,89.1,84.2,98.2,95.0,161.2,100.5,92.2,275.2,12.2,1684.0,103.1,93.9
1999-10-31,1999,10,101.9,100.7,102.2,102.0,101.4,7.0,102.0,54.6,53.4,108.8,58.3,56.5,3.7,3.1,3.4,,,66.5,95.1,114.8,79.1,101.8,94.8,88.0,102.4,108.4,167.1,102.1,101.9,292.8,12.4,1716.0,100.4,97.8
1999-11-30,1999,11,102.2,100.9,101.5,101.7,101.2,7.6,118.5,51.7,74.0,138.3,69.3,76.2,17.6,2.2,3.5,,,72.0,104.3,112.1,79.1,99.1,94.3,91.1,101.8,109.0,170.2,100.5,101.9,288.9,12.6,1789.0,103.0,102.5
1999-12-31,1999,12,102.8,101.2,101.1,100.9,101.3,9.7,241.7,126.4,125.8,207.2,100.6,117.1,-25.8,-8.7,4.0,,,118.4,161.3,122.6,94.2,117.4,104.7,105.8,114.9,106.4,200.0,116.0,105.6,305.6,12.5,2283.0,124.4,113.6
2000-01-31,2000,1,109.2,101.3,102.2,103.4,102.3,6.8,82.9,52.8,34.4,102.0,64.9,41.4,12.1,7.0,2.9,,,46.1,37.4,107.9,79.5,82.6,104.8,90.8,84.0,110.3,170.3,83.3,107.6,296.6,12.5,1830.0,80.9,126.1
2000-02-29,2000,2,102.8,100.2,101.3,103.0,101.0,8.0,101.9,58.4,47.9,115.4,73.4,46.4,15.0,-1.5,3.4,,,55.8,116.6,116.1,79.2,99.2,107.7,88.9,96.7,109.5,168.1,97.9,108.7,286.1,12.4,1839.0,99.4,126.4
2000-03-31,2000,3,101.8,99.9,101.4,101.5,100.6,9.1,145.4,80.3,72.4,149.1,83.5,72.9,3.2,0.5,3.7,,,63.9,110.8,115.7,83.9,105.9,108.1,95.4,105.8,108.7,179.3,105.9,108.4,303.4,11.4,2018.0,108.9,123.5
2000-04-30,2000,4,100.8,100.2,101.5,102.1,100.9,8.3,139.8,69.7,75.4,168.5,92.2,81.6,22.5,6.2,3.4,,,64.5,97.9,116.5,82.3,97.8,107.8,95.5,98.5,110.3,177.8,98.2,109.1,287.5,10.8,2039.0,100.2,123.3
2000-05-31,2000,5,101.2,102.3,101.1,101.3,101.8,8.5,139.5,72.7,81.5,182.7,101.5,95.9,28.8,14.4,3.4,,,75.8,114.4,122.1,83.7,99.5,105.6,96.1,99.6,111.1,179.8,99.6,108.4,293.4,10.3,2101.0,101.1,122.3
2000-06-30,2000,6,101.4,103.5,100.8,103.0,102.6,8.7,151.4,71.5,91.1,170.1,92.2,89.1,20.7,-2.0,3.6,,,95.7,122.1,120.0,86.5,100.1,106.1,98.7,101.9,111.2,185.2,101.1,108.7,286.2,10.1,2294.0,106.4,121.4
2000-07-31,2000,7,101.5,101.8,100.8,103.8,101.8,8.6,134.5,67.9,75.3,158.1,88.4,78.4,20.5,3.1,3.6,,,99.1,100.0,116.9,88.8,100.8,107.2,101.4,101.9,113.1,190.2,101.4,110.2,292.0,10.0,2302.0,98.8,123.1
2000-08-31,2000,8,101.1,100.2,101.4,103.0,101.0,9.1,162.9,82.7,87.1,186.4,96.9,96.4,14.2,9.3,3.8,,,112.9,111.2,122.5,92.5,103.9,108.2,110.1,107.2,110.2,202.6,105.6,109.3,290.0,9.9,2289.0,98.5,123.3
2000-09-30,2000,9,100.7,100.6,102.1,102.8,101.3,9.0,146.5,76.2,77.2,163.6,90.2,80.3,14.0,3.1,3.8,,,118.3,101.7,119.6,94.7,101.7,106.7,110.9,98.7,110.8,205.6,100.1,108.8,285.8,9.8,2367.0,102.1,122.0
2000-10-31,2000,10,100.5,102.4,101.9,102.4,102.1,8.9,148.3,78.0,78.6,171.6,97.2,82.7,19.2,4.1,4.1,,,114.6,94.0,118.2,99.3,102.7,107.6,115.0,101.7,110.1,214.3,102.2,109.0,307.8,9.8,2425.0,100.5,121.9
2000-11-30,2000,11,100.8,101.6,101.5,101.6,101.5,10.1,183.2,89.8,102.1,217.5,110.3,115.9,20.5,13.8,4.4,,,123.0,104.6,118.5,101.5,100.7,109.3,119.0,102.0,110.3,220.5,101.4,109.9,302.1,9.8,2508.0,101.9,119.4
2000-12-31,2000,12,101.1,102.0,101.2,101.6,101.6,10.1,423.8,229.2,209.1,312.7,141.4,184.8,-87.8,-24.2,4.9,,,195.5,154.3,113.4,121.3,117.4,109.3,137.3,114.0,109.5,258.6,115.6,109.4,311.0,9.9,3025.0,118.8,113.4
2001-01-31,2001,1,101.8,103.2,101.4,104.6,102.8,8.4,97.9,60.6,56.0,151.1,94.6,75.2,34.0,19.2,3.2,,,66.7,35.7,109.4,99.4,79.5,105.2,115.0,82.6,107.7,214.4,81.2,106.6,301.0,9.9,2733.0,88.3,123.7
2001-02-28,2001,2,100.9,102.5,101.3,104.3,102.3,8.2,169.1,109.8,74.3,165.4,105.5,74.9,-4.3,0.6,3.7,,,77.4,113.6,106.6,100.8,99.1,105.1,115.6,99.3,110.6,216.4,99.2,108.0,280.7,10.0,2655.0,94.9,118.2
2001-03-31,2001,3,100.6,101.9,101.3,103.4,101.9,8.9,178.7,98.4,94.9,199.1,117.9,95.8,19.5,0.9,4.3,,,86.2,109.8,105.6,109.6,106.9,106.1,124.8,106.6,111.4,234.4,106.7,108.9,311.0,9.5,2964.0,109.8,118.9
2001-04-30,2001,4,100.6,102.2,100.9,102.8,101.8,8.5,189.5,96.4,111.5,239.4,133.9,123.9,37.5,12.4,4.4,,,87.9,100.5,108.4,110.3,98.6,107.0,127.4,101.2,114.4,237.7,100.0,111.0,299.1,9.1,2923.0,96.7,115.7
2001-05-31,2001,5,100.8,102.5,100.9,101.8,101.8,8.5,186.8,99.8,108.0,244.7,133.4,132.3,33.6,24.3,4.6,,,106.1,119.1,112.8,113.0,100.2,107.7,131.0,101.9,117.1,244.0,101.1,112.8,307.7,8.6,3054.0,102.7,116.8
2001-06-30,2001,6,101.1,102.0,100.6,102.5,101.6,9.2,204.5,113.8,112.7,205.8,127.8,100.0,14.0,-12.7,4.7,,,124.8,116.5,107.7,114.1,99.1,106.6,133.8,101.4,116.6,247.9,100.4,112.0,297.3,8.5,3284.0,105.7,116.7
2001-07-31,2001,7,101.1,99.6,100.5,102.9,100.5,8.1,192.7,100.3,109.0,222.1,133.8,104.9,33.5,-4.1,4.4,,,127.7,101.3,109.1,117.6,103.4,109.3,132.9,98.9,113.2,250.5,100.9,111.4,299.4,8.5,3364.0,101.9,120.4
2001-08-31,2001,8,100.9,98.7,100.8,102.3,100.0,9.0,225.9,125.7,119.9,248.1,132.5,135.3,6.8,15.4,4.6,,,144.2,111.8,109.7,122.5,105.2,110.7,143.8,107.4,113.4,266.3,106.3,112.2,302.5,8.5,3376.0,100.3,122.8
2001-09-30,2001,9,101.0,99.6,101.2,102.6,100.6,8.5,210.6,124.8,109.9,205.8,129.0,100.9,4.2,-9.0,4.2,,,149.2,102.7,110.8,121.6,99.5,108.3,144.9,99.6,114.5,266.5,99.6,111.6,299.9,8.6,3405.0,100.1,120.8
2001-10-31,2001,10,101.0,100.7,101.3,101.9,101.1,8.0,196.5,106.3,109.1,233.4,142.4,109.9,36.1,0.8,4.8,,,144.7,95.3,112.4,125.2,102.2,107.7,152.6,104.0,117.0,277.8,103.1,112.7,326.9,8.7,3515.0,102.2,122.6
2001-11-30,2001,11,101.2,101.5,101.1,101.5,101.4,8.4,206.0,100.0,126.2,255.5,142.8,132.9,42.8,6.7,5.1,,,150.2,102.5,110.2,129.4,101.9,109.1,154.4,100.1,114.8,283.8,100.9,112.2,313.7,8.8,3578.0,100.4,120.8
2001-12-31,2001,12,101.0,102.2,100.9,101.4,101.6,8.2,361.2,186.0,198.7,313.3,200.4,136.4,14.4,-62.3,5.7,,,239.6,158.0,112.8,153.3,116.0,107.8,177.0,113.6,114.4,330.3,114.7,111.3,311.3,8.6,4541.0,124.7,127.2
2002-01-31,2002,1,101.7,103.0,101.2,107.5,103.1,6.7,131.6,78.3,72.6,236.6,161.2,94.7,82.9,22.1,3.7,92.7,103.7,78.1,32.0,100.1,129.3,82.0,111.2,141.6,79.0,109.4,270.9,80.4,110.2,311.4,8.5,3760.0,80.7,115.8
2002-02-28,2002,2,101.0,100.9,100.8,102.7,101.2,6.7,211.0,139.0,95.1,217.2,145.2,95.1,6.2,0.0,4.0,95.8,102.9,89.6,113.6,100.1,126.7,97.1,109.0,141.3,99.0,109.1,268.0,98.1,109.1,297.9,8.4,3725.0,97.9,119.5
2002-03-31,2002,3,100.6,100.4,100.7,103.7,101.1,8.5,244.2,147.1,122.0,255.7,166.0,114.6,18.9,-7.4,4.7,108.8,102.6,102.4,113.4,103.4,137.7,108.2,110.4,151.4,106.4,109.0,289.1,107.3,109.7,328.0,8.2,4031.0,107.1,116.6
2002-04-30,2002,4,100.6,101.0,100.8,102.4,101.2,9.5,290.1,160.2,154.6,330.1,184.4,170.4,24.2,15.8,5.1,96.2,103.7,104.0,100.8,103.7,139.6,100.0,111.9,154.0,100.5,108.2,293.6,100.3,109.9,315.6,8.0,4110.0,100.7,121.3
2002-05-31,2002,5,100.6,102.5,101.2,101.0,101.7,8.6,245.3,149.7,126.5,287.1,165.4,152.6,15.7,26.1,4.7,95.5,99.5,125.1,118.7,103.3,139.9,98.0,109.5,152.0,97.6,103.6,291.9,97.8,106.4,323.5,7.7,4187.0,100.1,118.3
2002-06-30,2002,6,100.7,99.7,101.1,101.6,100.5,8.2,270.3,154.0,146.8,250.4,168.9,112.0,14.9,-34.8,5.0,101.5,102.1,147.3,116.7,103.5,140.8,100.9,111.5,157.9,102.6,104.8,298.7,101.8,107.9,312.0,7.5,4460.0,105.9,118.5
2002-07-31,2002,7,100.5,100.4,100.6,101.8,100.7,9.3,281.3,161.9,143.2,335.7,208.9,150.6,47.0,7.4,5.5,104.7,105.6,152.2,101.9,104.1,145.2,102.6,110.7,165.9,104.5,110.8,311.1,103.6,110.7,321.3,7.4,4597.0,102.2,119.0
2002-08-31,2002,8,100.5,98.7,100.7,102.5,100.1,10.0,293.8,174.4,143.2,305.3,188.1,141.0,13.7,-2.2,5.1,101.1,105.3,167.0,109.0,101.5,148.6,103.5,108.9,176.7,105.8,109.1,325.3,104.7,109.1,321.7,7.2,4511.0,98.0,116.2
2002-09-30,2002,9,100.5,99.1,100.9,102.8,100.4,9.7,271.9,167.0,131.9,285.7,189.9,122.8,22.9,-9.1,5.1,99.6,104.3,175.3,104.0,102.8,149.8,101.6,111.1,177.3,99.4,109.0,327.1,100.4,110.0,322.0,7.7,4521.0,99.8,115.7
2002-10-31,2002,10,100.5,100.6,100.9,102.5,101.1,9.9,377.3,257.9,149.8,354.2,225.4,159.2,-32.5,9.4,5.9,107.0,103.2,169.1,95.7,103.2,153.5,101.8,110.7,187.0,104.5,109.6,340.5,103.3,110.1,341.7,8.2,4646.0,101.7,115.3
2002-11-30,2002,11,100.5,102.2,100.9,101.9,101.6,9.3,314.4,198.5,149.8,306.9,188.0,152.8,-10.5,3.0,5.7,96.7,100.7,174.3,102.3,102.9,156.8,100.2,108.8,190.4,100.9,110.5,347.2,100.6,109.7,331.2,8.7,4694.0,99.6,114.3
2002-12-31,2002,12,100.8,102.4,100.7,101.1,101.5,11.0,491.1,266.2,251.7,354.3,213.3,167.8,-52.9,-83.9,6.5,105.9,104.0,278.0,158.4,103.2,186.0,116.0,108.8,216.0,112.9,109.7,402.0,114.3,109.3,341.7,9.0,5738.0,120.4,110.2
2003-01-31,2003,1,101.9,102.6,101.1,104.4,102.4,9.6,175.8,110.2,86.9,271.5,180.2,112.6,70.0,25.7,4.7,93.4,105.4,93.8,33.5,107.9,152.8,80.3,106.5,176.7,80.7,112.0,329.5,80.5,109.4,340.2,9.0,4696.0,80.6,110.2
2003-02-28,2003,2,101.1,101.2,100.9,104.2,101.6,9.9,275.5,182.8,119.7,269.0,187.8,108.2,5.0,-11.5,5.2,98.8,108.3,110.6,117.0,111.1,151.0,97.9,107.3,176.2,98.7,111.7,327.2,98.3,109.6,315.7,9.2,4701.0,98.5,110.7
2003-03-31,2003,3,100.9,101.0,100.8,101.7,101.1,11.6,318.7,198.6,148.5,335.0,212.9,150.5,14.3,2.0,6.0,110.7,109.5,125.6,113.2,110.9,165.9,109.0,108.1,191.3,107.6,113.0,357.2,108.2,110.6,353.1,8.8,4986.0,104.8,108.3
2003-04-30,2003,4,100.5,101.1,100.6,101.8,101.0,10.2,329.8,185.4,174.0,396.4,223.3,202.7,37.9,28.7,6.2,97.2,110.2,129.9,102.3,112.6,166.9,99.7,107.7,189.9,98.6,110.9,356.8,99.1,109.4,336.5,8.4,5100.0,101.2,108.4
2003-05-31,2003,5,100.5,100.7,100.6,101.5,100.8,10.5,295.9,178.5,155.0,352.6,225.0,165.2,46.5,10.2,5.9,95.3,110.4,158.8,121.2,114.9,167.2,99.5,109.4,188.4,98.6,112.0,355.6,99.0,110.7,347.7,8.1,5221.0,101.5,110.0
2003-06-30,2003,6,100.7,100.8,100.5,101.2,100.8,11.1,336.4,204.2,170.6,321.9,214.7,145.6,10.5,-25.0,6.1,100.7,109.1,181.9,113.6,111.8,168.9,100.3,108.8,190.6,100.6,109.8,359.5,100.5,109.3,339.8,8.0,5550.0,105.5,109.5
2003-07-31,2003,7,100.5,100.4,100.5,101.9,100.7,11.4,331.7,193.3,168.2,375.8,222.7,182.9,29.4,14.7,6.7,103.7,108.0,185.8,101.5,111.4,173.2,102.1,108.3,197.9,103.3,108.6,371.1,102.7,108.4,346.5,7.9,5615.0,100.6,107.8
2003-08-31,2003,8,100.5,98.3,100.6,100.7,99.6,12.0,333.3,201.2,160.0,336.3,211.4,152.8,10.2,-7.2,6.4,99.1,105.7,204.8,109.3,111.6,176.5,102.6,107.4,205.7,103.2,105.9,382.2,103.0,106.6,350.2,7.8,5491.0,98.3,108.1
2003-09-30,2003,9,100.6,99.7,100.9,100.9,100.3,11.6,340.7,203.2,167.0,340.0,218.3,151.2,15.1,-15.8,6.5,102.8,109.1,216.9,104.7,112.4,177.5,100.5,106.3,211.7,101.9,108.6,389.2,101.2,107.5,342.5,7.8,5556.0,100.9,109.2
2003-10-31,2003,10,100.7,101.2,101.0,100.8,101.0,12.6,316.1,182.6,165.9,380.0,231.4,181.1,48.8,15.2,7.1,105.6,107.9,209.6,95.8,112.5,183.7,102.3,106.9,223.2,104.4,108.4,406.9,103.4,107.7,367.4,7.8,5864.0,104.6,112.1
2003-11-30,2003,11,100.8,101.3,100.8,100.4,101.0,11.5,329.9,185.8,171.6,348.0,214.2,161.2,28.4,-10.4,6.8,97.3,109.0,216.2,102.4,112.6,186.4,100.3,106.9,226.8,100.8,108.3,413.2,100.6,107.6,357.8,7.8,5990.0,101.1,114.1
2003-12-31,2003,12,101.0,101.6,100.6,100.9,101.1,14.0,581.1,332.8,296.9,412.2,244.3,216.5,-88.5,-80.4,8.5,110.2,113.6,352.5,161.8,115.0,221.7,117.3,108.1,259.6,113.8,109.3,481.3,115.4,108.8,373.6,8.2,7344.0,121.3,114.7
2004-01-31,2004,1,101.4,101.6,100.5,104.1,101.8,11.3,193.1,115.5,99.3,319.1,218.0,122.8,102.5,23.5,5.6,88.2,107.6,124.1,35.0,117.5,185.8,82.4,110.8,213.8,81.8,110.8,399.6,82.1,110.8,362.8,8.7,5932.0,78.7,112.1
2004-02-29,2004,2,101.2,101.1,100.4,101.6,101.0,12.1,311.4,203.7,134.7,305.5,216.7,115.8,13.0,-18.9,6.6,101.6,110.7,149.9,119.1,119.6,185.0,98.4,111.6,215.6,100.3,112.6,400.6,99.4,112.1,345.5,9.1,6141.0,102.3,116.7
2004-03-31,2004,3,100.8,101.1,100.4,100.6,100.8,14.0,385.1,234.7,178.8,420.5,253.9,194.9,19.2,16.1,7.8,107.6,107.5,168.2,111.8,118.1,202.9,108.6,111.1,234.2,108.2,113.2,437.1,108.4,112.2,377.6,8.5,6428.0,103.9,115.7
2004-04-30,2004,4,100.8,100.9,100.6,102.0,101.0,14.7,400.9,241.0,204.2,512.4,276.1,280.7,35.1,76.5,7.7,96.5,106.7,170.7,100.4,116.0,204.0,99.7,111.2,235.1,99.7,114.3,439.1,99.7,112.8,367.4,7.8,6448.0,99.4,113.9
2004-05-31,2004,5,100.7,100.4,100.8,101.4,100.7,13.6,315.4,179.4,166.6,406.8,264.9,172.5,85.5,5.9,7.4,96.2,107.7,209.2,120.8,115.7,204.0,99.5,111.3,235.1,99.0,114.7,439.1,99.3,113.0,372.6,7.1,6524.0,100.4,112.8
2004-06-30,2004,6,100.5,100.9,100.7,100.9,100.8,14.9,406.5,210.3,218.3,460.1,309.1,173.1,98.8,-45.2,7.9,103.2,110.4,246.4,116.4,118.6,206.5,100.2,111.2,237.5,100.2,114.3,444.0,100.2,112.7,359.2,7.1,7003.0,106.5,113.8
2004-07-31,2004,7,100.5,101.1,100.6,101.3,100.9,15.4,377.4,213.4,194.7,505.3,295.1,240.9,81.7,46.2,8.4,100.9,107.4,236.8,94.9,110.9,213.3,102.5,111.5,250.2,104.6,115.8,463.5,103.6,113.6,367.3,7.0,6982.0,98.8,111.7
2004-08-31,2004,8,100.4,100.1,100.5,101.0,100.4,16.8,376.6,232.7,184.4,450.9,281.1,210.3,48.4,25.9,8.3,102.1,110.7,270.5,112.8,114.4,216.6,101.4,110.1,262.6,104.4,116.9,479.2,103.0,113.7,374.0,6.9,6873.0,98.2,111.6
2004-09-30,2004,9,100.5,100.0,100.9,100.6,100.4,16.3,378.9,206.3,189.3,475.0,310.1,181.6,103.8,-7.7,8.3,99.3,106.9,276.0,100.8,110.1,220.5,101.7,111.6,267.3,100.6,115.3,487.8,101.1,113.5,366.6,7.2,6918.0,100.3,110.9
2004-10-31,2004,10,100.6,101.5,100.7,101.2,101.1,17.2,368.0,217.3,202.9,490.3,319.4,223.1,102.1,20.2,8.9,103.2,104.6,264.9,94.2,108.2,228.4,102.3,111.4,284.3,105.4,116.4,512.7,104.0,114.2,384.7,7.6,6908.0,98.8,104.6
2004-11-30,2004,11,100.5,101.7,100.7,100.8,101.1,17.8,406.5,234.5,244.9,512.3,330.8,254.4,96.3,9.5,9.4,101.5,109.1,290.9,108.5,114.7,233.5,100.8,112.1,291.9,101.8,117.6,525.4,101.4,115.0,377.7,7.9,7046.0,100.9,104.3
2004-12-31,2004,12,100.8,101.9,100.4,101.0,101.1,19.2,749.9,410.1,354.9,571.7,353.7,233.1,-56.4,-121.8,11.2,107.9,106.9,457.4,156.3,110.8,279.8,117.8,112.5,334.6,113.8,117.6,614.4,115.6,115.1,385.9,7.9,8799.0,123.5,106.3
2005-01-31,2005,1,101.0,101.5,100.4,108.8,102.6,13.7,287.9,250.7,83.6,631.4,456.9,221.0,206.2,137.4,6.9,85.2,103.2,148.1,32.0,103.5,222.6,78.5,107.3,263.2,78.5,112.8,485.8,78.5,110.1,377.7,7.9,7346.0,80.9,108.9
2005-02-28,2005,2,100.9,101.5,100.4,102.2,101.2,15.9,343.2,194.8,178.7,459.0,293.0,196.1,98.2,17.5,8.3,104.6,106.2,184.5,123.3,107.2,225.4,100.0,109.0,263.5,99.8,112.1,488.9,99.9,110.6,348.4,7.9,7465.0,100.4,106.7
2005-03-31,2005,3,100.8,102.3,100.4,101.2,101.3,19.5,429.8,225.6,251.0,625.9,446.5,226.3,220.9,-24.8,10.0,106.6,105.2,207.9,112.3,107.7,248.3,108.3,108.7,288.2,108.8,112.9,536.5,108.6,110.9,386.5,7.6,8093.0,107.1,109.7
2005-04-30,2005,4,100.6,101.9,100.5,100.8,101.1,19.5,492.8,294.6,237.7,623.6,390.7,272.4,96.1,34.7,9.5,96.2,104.9,212.6,101.5,108.9,256.4,101.7,110.9,296.9,102.3,115.9,553.3,102.0,113.5,373.2,7.2,8002.0,97.9,107.8
2005-05-31,2005,5,100.6,101.2,100.4,100.8,100.8,20.0,434.1,262.9,208.5,567.5,379.7,225.0,116.8,16.5,9.5,94.6,103.2,250.6,116.4,104.9,261.0,100.3,111.7,298.7,99.9,116.9,559.7,100.1,114.4,387.4,6.9,8089.0,100.2,107.7
2005-06-30,2005,6,100.5,100.8,100.3,100.9,100.6,19.1,455.3,215.6,280.6,606.4,419.6,227.8,204.0,-52.8,9.9,106.2,106.3,313.1,123.4,111.1,259.8,98.2,109.5,302.1,100.6,117.4,561.9,99.5,113.6,369.2,6.9,8637.0,106.5,107.6
2005-07-31,2005,7,100.5,100.2,100.4,100.9,100.5,21.2,495.2,318.6,222.2,632.8,412.8,265.6,94.2,43.4,10.7,99.7,105.0,306.5,97.0,113.6,268.2,102.7,109.8,312.6,102.9,115.5,580.8,102.9,112.8,371.4,6.8,8651.0,99.5,108.3
2005-08-31,2005,8,100.5,98.7,100.5,100.8,99.9,21.4,506.9,300.9,237.7,654.7,437.4,248.9,136.5,11.2,10.6,102.1,104.9,336.8,108.3,109.1,272.2,102.0,110.4,328.6,104.4,115.7,600.8,103.3,113.2,379.9,6.8,8616.0,100.6,110.1
2005-09-30,2005,9,100.5,99.1,101.1,100.9,100.3,21.4,653.0,456.0,250.2,622.8,445.1,230.9,-10.8,-19.3,10.7,100.6,106.3,350.3,103.2,111.7,277.5,102.1,111.0,337.7,101.3,116.3,615.2,101.7,113.8,374.0,6.8,8829.0,102.2,112.3
2005-10-31,2005,10,100.4,100.4,100.7,100.7,100.6,21.8,370.4,204.9,197.4,715.6,472.5,275.0,267.6,77.6,11.5,102.7,105.7,332.4,93.8,111.3,286.0,102.7,111.4,352.9,103.8,114.6,638.9,103.2,113.0,396.3,6.9,8701.0,98.2,111.8
2005-11-30,2005,11,100.6,101.0,100.6,100.6,100.7,21.8,463.2,252.4,265.5,692.9,459.4,288.2,206.9,22.7,12.3,102.1,106.3,382.5,114.3,117.2,290.5,100.8,111.3,357.8,100.8,113.4,648.3,100.8,112.3,385.4,6.9,8931.0,101.8,113.1
2005-12-31,2005,12,100.6,101.1,100.5,100.8,100.8,24.6,1888.8,537.3,528.1,1747.0,513.6,322.7,-23.7,-205.4,13.8,105.9,104.3,585.8,152.3,114.2,349.7,119.2,112.7,421.7,117.3,116.8,771.4,118.2,114.9,400.4,7.2,11319.0,125.7,114.9
2006-01-31,2006,1,100.7,102.2,100.4,106.2,102.4,20.5,280.9,227.7,90.4,579.8,449.3,167.6,221.6,77.3,8.3,85.6,104.8,176.3,30.0,106.6,275.0,77.1,110.6,319.6,75.5,112.3,594.6,76.2,111.5,376.6,7.5,9016.0,76.8,110.1
2006-02-28,2006,2,100.7,103.4,100.5,101.0,101.7,21.4,422.0,257.3,204.8,571.5,426.5,185.1,169.2,-19.8,10.1,101.1,101.3,217.5,121.5,105.0,277.1,97.8,108.2,322.6,100.4,113.1,599.7,99.3,110.8,359.1,7.8,9255.0,101.0,110.7
2006-03-31,2006,3,100.8,101.3,100.4,100.7,100.8,24.4,571.3,338.2,271.5,838.2,523.3,353.3,185.1,81.9,12.4,111.5,106.0,264.6,121.6,113.7,304.1,108.6,108.5,358.8,110.9,115.3,662.9,109.8,112.0,398.9,7.6,9914.0,93.1,110.0
2006-04-30,2006,4,100.6,100.2,100.3,100.6,100.4,23.7,569.1,363.5,251.6,704.4,479.6,270.9,116.0,19.2,11.4,94.6,104.2,267.8,100.7,112.8,308.9,101.3,108.0,369.9,102.8,115.9,678.8,102.1,112.1,381.6,7.5,9833.0,99.0,111.1
2006-05-31,2006,5,100.7,100.4,100.4,100.6,100.5,26.8,522.2,315.4,261.7,866.3,518.1,403.0,202.8,141.4,12.9,100.7,110.9,340.6,125.7,121.9,316.7,101.9,109.8,372.3,100.5,116.5,689.0,101.1,113.3,400.0,7.4,10257.0,103.7,115.0
2006-06-30,2006,6,100.5,99.9,100.3,100.7,100.3,25.1,1616.3,352.6,346.7,1824.3,541.3,291.7,188.7,-55.1,14.5,100.5,104.9,409.2,119.3,117.8,319.2,100.8,112.6,381.1,101.9,118.0,700.3,101.4,115.5,381.1,7.1,11106.0,108.0,116.7
2006-07-31,2006,7,100.9,100.9,100.4,100.6,100.7,25.5,81.8,338.1,271.9,333.4,524.7,334.6,186.6,62.6,13.5,101.3,106.5,381.5,92.1,111.8,329.8,102.6,112.4,395.8,103.6,118.8,725.6,103.1,115.8,393.4,6.8,10883.0,97.8,115.0
2006-08-31,2006,8,101.2,99.1,100.8,100.8,100.2,27.9,674.2,346.5,280.8,997.4,565.9,372.2,219.4,91.5,14.2,103.6,108.2,437.6,113.0,116.7,335.3,101.8,112.2,416.4,104.2,118.5,751.7,103.1,115.5,397.0,6.4,10853.0,99.7,113.9
2006-09-30,2006,9,101.1,99.0,100.8,100.5,100.1,25.4,743.4,327.2,302.7,896.9,532.3,239.7,205.2,-63.1,14.3,99.4,106.8,468.2,105.4,119.3,339.5,101.5,111.3,420.5,100.2,117.5,760.0,100.8,114.6,384.9,6.5,11127.0,102.4,114.2
2006-10-31,2006,10,100.9,99.8,100.6,100.4,100.3,24.0,608.0,330.0,290.7,901.1,541.4,382.7,211.3,92.1,15.8,104.4,108.6,462.9,97.4,123.8,351.1,103.3,112.0,442.4,104.8,118.6,793.5,104.1,115.5,396.7,6.6,11046.0,99.2,115.2
2006-11-30,2006,11,101.0,100.7,100.6,100.5,100.6,24.4,750.4,472.2,367.3,953.0,558.9,400.8,86.7,33.4,16.2,100.9,107.3,508.6,108.5,117.6,356.3,100.7,112.0,442.6,99.6,117.3,798.9,100.1,114.9,392.1,6.6,11303.0,101.8,115.1
2006-12-31,2006,12,100.7,101.2,100.5,100.7,100.8,28.4,1535.6,616.1,717.6,1159.5,617.6,395.7,1.5,-321.8,19.6,104.2,105.6,795.2,155.3,120.0,434.4,120.7,113.3,522.5,117.8,117.8,956.9,119.1,115.7,413.5,6.8,14263.0,125.2,114.3
2007-01-31,2007,1,100.7,101.0,100.4,104.7,101.7,21.3,329.3,218.0,120.2,700.4,436.2,242.8,218.2,122.6,11.7,88.9,109.7,255.3,31.7,127.6,328.3,74.9,110.0,399.4,76.1,118.8,727.7,75.6,114.7,400.0,6.9,11430.0,79.6,117.7
2007-02-28,2007,2,100.6,100.9,100.3,102.6,101.1,22.9,608.0,319.3,259.0,745.2,452.0,240.5,132.7,-18.5,14.1,98.8,107.1,298.0,115.3,121.1,333.6,100.8,113.3,394.9,98.5,116.5,728.5,99.5,115.0,368.7,7.1,11757.0,101.7,118.8
2007-03-31,2007,3,100.6,100.8,100.4,100.6,100.6,25.9,817.4,408.3,341.2,1084.7,533.7,457.2,125.4,116.0,16.9,111.1,106.8,344.3,115.2,114.7,366.0,109.0,113.8,435.6,109.9,115.5,801.6,109.5,114.6,404.0,6.7,12448.0,105.4,118.2
2007-04-30,2007,4,100.5,100.8,100.4,100.5,100.6,27.0,766.0,424.3,323.4,914.0,503.0,398.6,78.7,75.2,16.7,94.7,106.9,364.5,104.8,119.4,373.9,101.4,113.9,452.4,103.4,116.2,826.3,102.5,115.1,390.3,6.3,12494.0,99.7,118.8
2007-05-31,2007,5,100.5,101.0,100.4,100.5,100.6,28.7,764.2,358.3,347.6,1081.8,585.7,422.3,227.4,74.8,17.5,100.7,106.9,472.2,127.5,121.1,383.9,101.7,113.6,463.2,102.0,118.0,847.1,101.9,115.9,417.4,5.8,12787.0,101.8,116.4
2007-06-30,2007,6,100.5,102.0,100.3,100.6,101.0,26.2,944.9,441.5,423.0,1168.1,735.1,323.0,293.7,-100.1,18.5,100.9,107.3,577.7,120.9,122.7,394.1,100.9,113.7,475.1,102.3,118.4,869.2,101.7,116.3,386.7,5.7,13712.0,106.3,114.9
2007-07-31,2007,7,100.6,101.6,100.4,100.6,100.9,29.1,787.0,456.9,360.9,1142.5,628.9,537.8,171.9,176.9,19.3,103.0,109.1,543.1,92.5,123.2,405.7,101.5,112.5,497.5,104.3,119.2,903.2,103.0,116.2,397.9,5.6,13546.0,98.0,115.3
2007-08-31,2007,8,100.5,99.2,100.6,100.5,100.1,30.3,787.5,427.8,360.3,1087.6,635.3,422.6,207.4,62.3,20.0,101.0,106.4,584.2,105.6,115.1,416.8,102.8,113.7,525.7,105.3,120.5,942.5,104.2,117.4,393.2,5.5,13270.0,97.9,113.2
2007-09-30,2007,9,100.6,101.1,100.8,100.4,100.8,27.7,916.5,409.9,401.2,979.1,577.7,275.9,167.8,-125.4,18.7,97.9,104.8,616.8,103.7,113.2,421.7,100.1,112.2,531.8,100.4,120.7,953.5,100.3,116.8,389.9,5.5,13677.0,102.3,113.3
2007-10-31,2007,10,100.8,103.7,100.9,100.1,101.6,34.4,828.5,616.8,422.0,1611.7,1099.7,583.6,483.0,161.8,22.2,105.2,105.7,684.7,109.0,126.7,444.7,102.1,110.9,559.5,104.3,120.1,1004.2,103.3,115.9,405.6,5.6,13986.0,100.7,114.9
2007-11-30,2007,11,100.8,102.1,100.9,100.6,101.2,35.2,1585.2,983.7,471.8,1142.4,702.4,396.8,-281.3,-75.1,22.6,101.3,106.1,740.4,106.6,124.5,455.8,100.6,110.7,567.6,100.6,121.3,1023.4,100.6,116.5,405.9,5.6,14656.0,103.5,116.8
2007-12-31,2007,12,100.7,101.8,100.7,100.9,101.1,37.8,2244.1,921.8,959.9,1710.8,891.4,527.4,-30.3,-432.5,24.9,103.1,105.0,1235.0,164.9,132.1,566.9,123.0,112.9,674.9,118.2,121.7,1241.8,120.3,117.7,428.7,6.0,18591.0,125.5,116.4
2008-01-31,2008,1,100.9,102.1,100.6,105.4,102.3,33.9,454.5,390.7,162.3,1015.5,691.3,388.4,300.6,226.1,15.6,90.4,106.7,364.3,29.0,120.9,442.9,76.7,115.5,501.2,73.8,118.0,944.1,75.1,117.0,414.1,6.5,14771.0,77.0,113.3
2008-02-29,2008,2,101.0,101.8,100.6,101.4,101.2,35.1,918.3,467.8,393.4,1051.4,631.2,339.3,163.4,-54.2,21.0,100.1,108.1,447.3,120.3,126.1,452.0,100.4,115.1,512.3,101.6,121.6,964.3,101.1,118.8,395.9,6.9,15354.0,102.9,114.1
2008-03-31,2008,3,101.1,102.2,100.7,100.6,101.2,39.4,963.1,474.2,407.7,1267.3,610.2,566.2,136.0,158.5,23.2,106.4,103.5,503.0,112.3,123.0,494.7,107.3,113.4,554.7,107.5,119.0,1049.4,107.4,116.6,424.4,6.4,16172.0,104.2,112.8
2008-04-30,2008,4,101.0,102.4,100.9,101.0,101.4,40.5,1026.0,552.6,472.2,1820.6,1091.8,701.4,539.2,229.3,25.2,96.7,105.7,544.1,106.5,125.0,490.7,97.1,108.5,586.2,104.8,120.5,1076.9,101.1,115.0,411.0,5.8,16538.0,101.0,114.6
2008-05-31,2008,5,101.0,102.3,100.8,101.0,101.4,42.5,995.4,503.2,426.4,1255.9,675.7,464.9,172.4,38.4,24.3,99.5,104.5,672.2,121.5,119.1,528.8,105.6,112.7,587.0,99.4,117.3,1115.8,102.2,115.4,421.1,5.3,16643.0,99.4,112.0
2008-06-30,2008,6,100.8,101.1,100.7,101.1,101.0,43.0,1158.2,607.1,545.5,1133.0,670.5,420.6,63.5,-124.8,25.3,99.2,102.8,775.2,113.2,111.6,533.1,99.7,111.4,605.9,102.4,117.5,1139.0,101.2,114.8,398.2,5.5,17715.0,105.4,111.1
2008-07-31,2008,7,100.6,100.0,100.7,100.9,100.5,46.5,1110.7,562.3,528.5,2156.4,1306.1,798.1,743.8,269.5,28.7,102.1,101.9,725.5,91.8,110.8,549.4,103.0,113.0,638.1,104.6,117.8,1187.5,103.8,115.7,404.1,5.6,17758.0,100.0,113.6
2008-08-31,2008,8,100.6,99.7,100.6,100.9,100.4,45.0,1007.8,499.4,452.3,1239.6,727.7,445.4,228.3,-6.8,27.1,100.1,101.0,782.0,105.4,110.5,565.1,103.0,113.3,666.1,103.8,116.1,1231.2,103.4,114.8,399.2,5.8,17244.0,97.2,112.1
2008-09-30,2008,9,100.7,100.8,100.7,101.0,100.8,43.0,1107.5,536.9,527.8,1239.2,751.2,447.2,214.3,-80.6,27.2,99.7,102.8,861.5,108.3,115.4,569.7,100.1,113.2,675.7,100.8,116.6,1245.4,100.4,115.0,392.6,6.1,17739.0,102.1,111.4
2008-10-31,2008,10,101.0,101.7,100.8,100.0,100.9,38.4,1209.1,715.2,599.1,1606.3,937.1,637.1,221.9,38.0,26.7,100.7,98.4,879.0,101.0,106.9,587.8,101.6,112.6,692.5,101.7,113.6,1280.3,101.6,113.1,410.0,6.5,17643.0,98.6,109.7
2008-11-30,2008,11,100.8,101.3,100.5,100.7,100.8,29.4,1412.6,842.8,532.7,958.0,570.6,366.8,-272.2,-165.9,21.1,90.1,87.5,877.4,99.4,99.7,581.4,97.7,109.3,665.7,95.7,108.1,1247.1,96.6,108.7,371.1,6.8,17598.0,98.9,104.9
2008-12-31,2008,12,100.8,101.0,100.1,101.0,100.7,29.7,2628.6,1418.7,1205.2,1260.7,612.5,623.4,-806.1,-581.9,23.3,102.7,87.2,1350.1,154.6,93.5,700.1,119.2,106.0,763.1,114.5,104.7,1463.2,116.7,105.5,378.8,7.6,21681.0,122.3,101.8
2009-01-31,2009,1,100.9,101.5,100.7,106.3,102.4,18.9,477.0,395.5,159.3,1059.9,772.0,292.9,376.5,133.6,10.3,84.7,81.7,340.2,25.2,81.3,531.9,74.9,103.6,571.2,74.3,105.4,1103.1,74.6,104.7,342.3,8.4,17119.0,77.2,101.9
2009-02-28,2009,2,101.4,101.9,101.6,101.4,101.7,17.4,1095.2,692.3,389.5,829.7,448.3,347.0,-244.0,-42.5,13.2,101.0,82.5,426.2,124.0,83.8,520.3,96.0,99.1,552.7,95.3,98.8,1073.0,95.6,99.1,324.3,9.2,17098.0,98.5,97.6
2009-03-31,2009,3,101.6,101.7,101.4,100.6,101.3,21.5,1234.9,674.6,502.5,1143.9,512.4,579.4,-162.2,77.0,14.2,110.5,85.7,457.9,108.4,80.9,566.0,107.0,98.8,588.5,105.0,96.5,1154.5,105.9,97.7,356.1,9.0,18129.0,104.4,98.2
2009-04-30,2009,4,101.1,100.6,101.0,100.3,100.7,18.8,1333.6,810.8,547.8,1122.8,488.7,676.1,-322.1,128.2,14.1,95.9,85.0,485.0,106.0,80.4,569.1,99.9,101.6,582.3,98.0,90.2,1151.4,98.9,95.6,335.0,8.7,18009.0,98.6,95.7
2009-05-31,2009,5,101.0,100.6,100.7,100.3,100.6,21.2,1070.2,544.8,457.8,891.9,420.0,413.6,-124.7,-44.2,13.1,98.7,84.3,562.5,115.3,76.3,583.7,101.9,98.1,591.5,100.9,91.7,1175.2,101.4,94.8,341.8,8.4,18007.0,99.4,95.7
2009-06-30,2009,6,100.6,100.5,100.8,100.5,100.6,23.6,1408.8,775.8,554.8,994.5,530.8,402.3,-245.2,-152.5,14.7,102.4,87.0,674.6,119.5,80.6,583.7,99.5,97.8,602.9,101.1,90.5,1186.6,100.3,94.0,336.1,8.2,19247.0,106.3,96.7
2009-07-31,2009,7,100.4,100.6,100.6,100.8,100.6,26.2,1309.4,805.0,543.8,1311.0,633.6,686.6,-171.4,142.8,15.2,103.3,88.0,633.4,93.4,81.9,596.0,101.5,96.5,622.8,102.7,88.9,1218.8,102.1,92.5,374.3,8.0,18872.0,97.6,94.6
2009-08-31,2009,8,100.3,98.9,100.6,100.4,100.0,26.8,1285.1,881.3,434.8,1294.8,840.0,505.7,-41.2,70.9,14.8,98.9,86.9,675.8,105.2,81.7,596.2,100.9,94.5,640.3,102.2,87.4,1236.5,101.6,90.8,375.6,7.8,18335.0,97.4,94.8
2009-09-30,2009,9,100.3,99.0,100.7,100.1,100.0,28.6,1289.7,861.6,509.3,906.5,468.6,418.1,-392.9,-91.3,16.8,102.4,89.3,751.8,110.1,83.1,590.6,99.9,94.3,642.2,99.6,86.5,1232.8,99.8,90.2,370.6,7.5,18838.0,102.7,95.1
2009-10-31,2009,10,100.3,99.3,100.6,99.9,100.0,30.2,1202.3,827.2,517.9,1230.8,673.2,498.8,-154.1,-19.1,18.4,104.3,92.6,771.9,102.1,84.0,608.2,103.6,96.2,665.6,103.1,87.7,1273.8,103.3,91.7,391.8,7.6,18798.0,99.7,96.5
2009-11-30,2009,11,100.4,100.2,100.4,100.1,100.3,30.4,1288.9,909.9,539.8,1085.9,658.3,447.3,-251.6,-92.4,18.4,100.8,103.6,831.3,106.8,90.3,605.9,99.4,97.8,659.3,98.6,90.4,1265.2,99.0,93.9,390.8,8.1,19215.0,101.9,99.5
2009-12-31,2009,12,100.5,100.6,100.2,100.5,100.4,33.7,3053.2,1481.3,1098.4,1728.0,891.9,658.8,-589.4,-439.6,20.6,106.6,107.5,1365.4,163.4,95.4,745.5,122.4,100.4,782.8,118.5,93.5,1528.3,120.3,96.8,404.9,8.0,24004.0,124.3,101.3
2010-01-31,2010,1,101.4,101.4,100.2,103.9,101.6,27.0,576.7,650.5,192.7,972.7,737.6,355.5,87.1,162.8,11.1,85.4,108.5,331.7,24.3,91.7,583.6,77.1,103.3,612.8,78.3,98.5,1196.4,77.7,100.8,385.4,9.0,18938.0,76.7,101.2
2010-02-28,2010,2,101.2,101.3,100.3,101.0,100.9,30.1,1181.0,827.3,413.4,1028.7,570.7,334.3,-256.6,-79.1,15.2,100.0,107.3,421.5,125.1,92.5,569.7,96.3,103.7,597.0,97.2,100.5,1166.7,96.8,102.0,359.1,8.5,19017.0,100.1,102.5
2010-03-31,2010,3,101.1,101.0,100.4,100.4,100.6,33.0,1463.0,721.7,505.6,1461.7,646.6,701.2,-75.1,195.6,18.4,112.6,109.3,489.7,117.6,100.4,618.5,107.4,104.1,652.4,108.9,104.3,1270.9,108.2,104.2,400.3,8.5,20589.0,107.5,103.0
2010-04-30,2010,4,100.8,100.2,100.3,100.2,100.3,32.7,1469.2,831.0,552.7,1535.8,663.4,786.8,-167.6,234.1,18.9,94.2,107.4,527.2,107.4,101.7,624.9,100.7,104.8,658.3,100.6,107.2,1283.2,100.6,106.0,387.8,8.1,20358.0,98.7,105.9
2010-05-31,2010,5,100.8,100.7,100.4,100.4,100.5,31.1,1204.0,628.5,473.6,1183.9,577.4,481.1,-51.1,7.5,19.1,99.3,108.1,642.2,119.7,105.6,645.4,102.7,105.7,675.2,102.1,108.4,1320.6,102.4,107.1,390.6,7.2,20279.0,99.2,105.8
2010-06-30,2010,6,100.4,100.6,100.2,100.4,100.4,31.6,1437.3,727.2,609.6,1420.7,802.2,496.8,75.0,-112.8,19.3,101.6,107.3,793.1,122.6,108.3,650.1,100.4,106.6,689.7,102.0,109.3,1339.8,101.2,108.0,367.1,6.7,21795.0,107.1,106.7
2010-07-31,2010,7,100.4,100.3,100.3,100.6,100.4,30.7,1385.8,785.0,551.7,1407.0,660.5,652.8,-124.4,101.1,20.8,100.7,104.6,683.9,85.8,99.5,673.9,103.3,108.5,710.6,102.8,109.4,1384.5,103.0,108.9,378.6,6.8,21325.0,97.5,106.6
2010-08-31,2010,8,100.4,101.0,100.4,100.3,100.6,31.3,1271.9,752.5,492.8,1225.6,642.1,560.5,-110.6,67.6,23.6,101.1,106.9,794.7,114.2,108.1,684.2,100.5,108.0,734.2,103.0,110.3,1418.4,101.8,109.2,380.9,6.7,20753.0,96.8,105.6
2010-09-30,2010,9,100.4,101.8,100.6,100.0,100.8,33.7,1320.9,777.5,553.0,1183.3,708.1,443.7,-69.3,-109.1,23.2,101.7,106.2,882.9,109.8,107.8,680.9,97.7,105.6,732.1,99.2,109.8,1413.0,98.4,107.7,379.8,6.5,20999.0,100.4,103.2
2010-10-31,2010,10,100.5,100.8,100.6,100.0,100.5,34.6,1420.1,780.2,563.8,1346.7,712.9,568.0,-67.3,4.1,24.5,105.3,107.2,931.2,104.8,110.6,702.7,102.4,104.4,764.3,103.8,110.6,1467.0,103.1,107.5,406.8,6.7,20970.0,99.3,103.0
2010-11-30,2010,11,100.4,101.5,100.7,100.2,100.8,34.5,1435.2,841.9,575.8,1298.9,710.2,528.5,-131.8,-47.4,24.5,101.0,107.4,977.7,104.3,108.0,705.2,99.1,104.2,770.1,100.1,112.2,1475.3,99.6,108.2,405.3,6.6,21486.0,101.7,102.6
2010-12-31,2010,12,100.4,102.4,100.5,100.4,101.1,42.5,3451.6,1794.2,1152.2,1966.9,873.7,628.1,-920.3,-524.0,27.0,106.4,107.2,1676.3,171.4,113.3,863.1,120.2,102.4,913.1,118.1,111.8,1776.2,119.1,107.1,403.8,7.0,28027.0,129.0,106.3
2011-01-31,2011,1,101.2,102.8,100.9,104.1,102.4,29.6,647.0,657.4,214.1,1115.9,804.9,311.8,147.5,97.7,16.2,84.7,106.2,367.8,21.6,100.9,666.9,75.4,100.1,695.6,75.4,107.7,1362.5,75.4,103.9,405.0,7.6,20669.0,72.8,101.3
2011-02-28,2011,2,100.9,101.3,100.3,100.8,100.8,39.6,1302.0,769.7,438.1,1289.1,700.7,426.1,-69.0,-12.0,21.7,99.1,105.3,486.3,129.8,104.6,667.4,98.8,102.7,688.2,98.8,109.4,1355.6,98.7,106.0,377.0,7.4,20680.0,99.1,100.7
2011-03-31,2011,3,100.7,101.0,100.5,100.3,100.6,42.5,1626.4,787.6,587.5,1987.5,887.2,902.2,99.5,314.7,26.8,110.8,103.7,567.9,118.4,105.4,715.9,106.1,101.4,750.8,108.7,109.1,1466.7,107.4,105.2,406.5,7.0,22673.0,108.9,102.4
2011-04-30,2011,4,100.7,100.3,100.5,100.5,100.4,45.8,1578.3,961.9,568.3,1933.5,946.9,871.6,-14.9,303.3,26.9,95.9,105.5,611.1,107.6,105.8,721.3,100.4,101.1,765.1,101.5,110.0,1486.4,100.9,105.5,396.3,7.1,22519.0,98.9,102.4
2011-05-31,2011,5,100.7,99.9,100.8,100.7,100.5,44.0,1395.7,638.2,537.7,1666.0,860.3,611.2,222.2,73.5,27.9,100.0,106.2,766.9,123.8,109.4,737.4,102.2,100.6,796.4,103.3,111.3,1533.8,102.8,105.9,413.8,6.2,22779.0,100.5,103.5
2011-06-30,2011,6,100.6,99.6,100.4,100.7,100.2,43.7,1589.3,788.1,663.4,1893.1,1106.4,594.6,318.2,-68.9,27.5,101.9,106.5,928.0,121.0,107.9,741.5,100.8,101.0,811.5,101.5,110.8,1553.0,101.2,105.9,394.6,6.0,24137.0,105.7,102.4
2011-07-31,2011,7,100.5,99.1,100.3,100.6,100.0,41.4,1526.7,874.7,571.6,1863.5,927.4,749.8,52.8,178.4,26.9,99.9,105.5,824.0,88.1,110.7,761.4,103.4,101.1,839.5,103.2,111.2,1600.9,103.3,106.1,395.1,6.4,23598.0,97.8,102.4
2011-08-31,2011,8,100.4,98.4,100.5,100.3,99.8,43.8,1473.2,953.9,576.0,1747.5,986.4,612.1,32.4,36.0,29.4,101.5,106.0,969.2,115.7,112.1,771.4,102.7,103.4,883.0,104.7,113.0,1654.4,103.8,108.2,387.2,6.0,23051.0,98.1,103.9
2011-09-30,2011,9,100.6,99.1,100.7,99.9,100.0,43.0,1606.8,650.6,629.4,1674.7,992.8,538.3,342.2,-91.1,26.8,100.4,104.6,1060.9,108.8,111.0,765.7,100.0,105.8,879.5,98.9,112.7,1645.2,99.5,109.3,381.6,6.0,23468.0,101.8,105.3
2011-10-31,2011,10,100.5,100.5,100.7,100.1,100.5,45.2,1579.1,735.9,672.2,1854.4,1027.8,658.6,291.9,-13.5,28.7,104.1,103.3,1175.4,109.8,116.3,793.3,102.9,106.3,910.0,102.9,111.7,1703.3,102.9,109.1,409.6,6.2,23602.0,100.1,106.2
2011-11-30,2011,11,100.7,100.5,100.6,100.1,100.4,46.4,1704.5,977.3,698.4,1644.6,924.0,652.2,-53.4,-46.4,29.8,101.6,103.9,1192.3,101.1,112.8,793.8,99.5,106.8,902.2,98.6,110.1,1696.0,99.0,108.5,408.6,6.2,24296.0,102.5,107.0
2011-12-31,2011,12,100.7,100.7,100.3,100.3,100.4,50.2,3965.6,2130.3,1522.4,2185.6,1202.9,715.7,-927.4,-806.6,30.0,106.6,104.1,2085.9,175.2,115.3,968.3,121.1,107.6,1078.2,119.2,111.1,2046.5,120.1,109.4,423.3,6.0,32809.0,134.4,111.4
2012-01-31,2012,1,101.0,100.7,100.4,100.2,100.5,39.5,1033.1,1032.4,275.6,1446.5,1059.6,395.5,27.2,119.9,19.1,84.2,103.6,457.3,21.8,116.3,722.0,74.0,105.6,802.5,74.1,109.3,1524.5,74.1,107.5,426.9,6.3,23746.0,72.2,110.5
2012-02-29,2012,2,101.0,100.6,100.3,100.0,100.4,44.9,1688.4,1033.2,525.6,1500.9,806.4,479.3,-226.9,-46.3,24.7,102.2,106.8,602.3,129.4,116.0,718.3,98.7,105.6,806.1,100.1,110.8,1524.4,99.5,108.3,393.5,6.2,24036.0,100.8,112.1
2012-03-31,2012,3,101.0,100.8,100.5,100.4,100.6,46.7,1862.1,970.9,648.0,2156.1,1100.3,861.2,129.5,213.2,28.4,107.1,103.2,670.5,112.9,110.6,770.2,106.2,105.7,870.6,107.5,109.6,1640.8,106.9,107.8,425.0,6.3,25487.0,105.7,109.0
2012-04-30,2012,4,100.7,100.2,100.4,100.3,100.3,44.9,1895.0,1073.5,699.1,2011.5,1092.4,698.4,18.8,-0.7,26.8,95.1,102.3,709.9,105.5,108.4,768.3,99.3,104.6,881.8,100.9,109.0,1650.1,100.2,107.0,406.7,5.6,25800.0,100.9,111.1
2012-05-31,2012,5,100.6,100.5,100.4,100.7,100.5,45.5,1660.3,841.2,646.1,2074.8,1024.6,844.5,183.5,198.4,28.2,100.9,103.3,931.6,130.0,113.9,798.9,103.3,105.7,914.0,103.3,108.9,1712.9,103.3,107.6,413.6,5.2,26385.0,101.9,112.4
2012-06-30,2012,6,100.6,101.8,100.2,100.8,100.9,40.8,1822.3,978.5,702.2,1911.7,1117.1,620.7,138.6,-81.5,27.0,100.1,101.5,1089.0,116.1,109.3,813.8,100.4,105.3,935.4,102.1,109.6,1749.2,101.3,107.7,392.2,5.2,27494.0,103.3,110.2
2012-07-31,2012,7,102.2,100.9,100.3,102.7,101.2,41.2,1803.4,1031.1,679.3,2065.1,1045.5,778.4,14.4,99.1,29.7,101.9,103.6,976.6,88.8,110.2,831.9,101.0,102.8,962.2,102.6,109.1,1794.1,101.8,106.2,402.0,5.2,26684.0,96.0,108.1
2012-08-31,2012,8,101.2,99.2,100.4,100.6,100.1,41.1,1666.2,858.9,641.9,1857.4,1106.2,535.1,247.2,-106.8,30.0,102.3,104.4,1099.1,111.4,106.2,849.7,102.1,102.1,999.0,103.5,107.9,1848.7,102.8,105.3,403.4,5.0,25718.0,96.3,106.0
2012-09-30,2012,9,101.0,100.0,100.7,101.0,100.6,42.9,1669.0,894.5,619.5,1661.2,1033.3,475.4,138.9,-144.0,27.4,98.4,102.3,1149.3,103.8,101.2,848.3,99.5,101.6,1001.3,99.5,108.5,1849.6,99.5,105.3,405.0,5.0,25996.0,100.5,104.7
2012-10-31,2012,10,100.8,100.5,100.7,100.1,100.5,46.5,1934.1,1015.2,761.2,2126.8,1067.8,880.4,52.7,119.1,32.2,105.3,103.5,1373.0,118.7,109.4,877.5,102.9,101.6,1027.0,101.8,107.4,1904.5,102.3,104.7,415.9,5.1,26803.0,102.6,107.1
2012-11-30,2012,11,100.6,100.4,100.4,100.0,100.3,45.3,1778.9,881.7,715.8,1735.4,951.6,581.8,69.8,-133.9,30.6,101.3,103.3,1303.3,95.1,102.9,883.2,100.1,102.2,1017.1,98.6,107.4,1900.3,99.3,105.0,416.5,5.2,27448.0,102.1,106.7
2012-12-31,2012,12,100.8,100.9,100.3,100.4,100.5,48.2,4361.9,2283.9,1428.9,2887.7,1450.7,913.8,-833.1,-515.2,31.9,106.1,102.8,2224.2,170.0,99.9,1079.3,121.1,102.2,1216.1,119.3,107.5,2295.4,120.1,105.0,433.5,5.1,36450.0,132.1,105.0
2013-01-31,2013,1,104.9,101.2,100.4,100.6,101.0,38.8,1303.3,1108.7,357.3,1591.7,1093.1,439.8,-15.6,82.5,21.7,81.6,99.6,511.4,21.1,104.0,809.8,73.6,101.6,900.9,73.7,107.0,1710.7,73.7,104.5,420.9,6.0,26840.0,72.7,105.4
2013-02-28,2013,2,102.0,100.6,100.4,100.4,100.6,41.9,1807.6,1041.6,566.4,1614.9,888.2,467.6,-153.4,-98.7,26.5,99.4,96.9,652.5,125.8,101.1,799.4,97.8,100.6,890.9,98.5,105.2,1690.3,98.2,103.1,384.5,5.8,26620.0,99.0,103.3
2013-03-31,2013,3,101.4,100.2,100.4,100.2,100.3,44.5,1999.8,1017.5,619.3,2195.0,1124.3,829.5,106.8,210.1,28.4,110.4,99.9,741.5,114.9,102.8,872.4,108.5,102.8,967.9,108.2,105.9,1840.3,108.4,104.5,419.3,5.7,28693.0,107.5,105.1
2013-04-30,2013,4,101.0,100.7,100.4,100.5,100.5,44.5,2200.9,1063.0,803.0,2306.1,1118.8,926.2,55.8,123.3,29.8,96.3,101.1,771.6,104.3,101.7,866.9,98.6,102.0,983.4,101.4,106.4,1850.3,100.0,104.3,407.1,5.6,30026.0,104.2,108.5
2013-05-31,2013,5,100.8,101.0,100.3,100.8,100.7,41.0,1559.8,693.4,610.3,1733.8,891.1,555.9,197.7,-54.5,26.4,99.3,99.5,987.0,127.1,99.4,908.0,103.9,102.5,994.3,100.9,104.0,1902.3,102.3,103.4,414.7,5.2,29723.0,98.4,104.7
2013-06-30,2013,6,100.8,100.5,100.2,100.6,100.4,41.8,1964.0,965.6,736.9,1929.2,1142.2,479.5,176.6,-257.5,28.2,102.3,101.7,1160.1,116.6,99.9,916.1,100.6,102.7,1024.1,102.8,104.7,1940.2,101.7,103.8,389.4,5.4,30986.0,103.9,105.3
2013-07-31,2013,7,100.5,99.8,100.1,103.1,100.8,43.7,2002.6,1153.0,709.9,2204.2,1072.3,863.4,-80.7,153.5,30.3,101.0,100.8,1053.2,90.7,102.0,934.3,101.9,103.6,1056.9,103.1,105.1,1991.2,102.5,104.5,399.9,5.3,30229.0,96.8,106.4
2013-08-31,2013,8,100.5,99.0,100.5,100.9,100.1,42.5,1785.5,935.1,677.5,1897.2,1088.2,599.7,153.0,-77.7,28.4,101.3,99.8,1147.2,107.9,98.8,948.3,102.3,103.9,1092.8,102.9,104.5,2041.1,102.6,104.2,405.1,5.2,29226.0,96.8,106.8
2013-09-30,2013,9,100.5,99.9,100.5,100.1,100.2,44.8,1880.7,973.7,679.8,1945.4,1186.3,525.2,212.7,-154.6,28.7,99.9,101.3,1202.5,103.5,98.5,935.7,98.4,102.8,1084.0,98.7,103.6,2019.7,98.6,103.2,412.3,5.3,29346.0,100.2,106.3
2013-10-31,2013,10,100.6,101.2,100.5,99.9,100.6,43.5,2059.8,1129.8,771.3,2283.4,1136.1,931.5,6.3,160.2,30.7,105.0,101.0,1449.9,120.2,99.8,973.4,102.8,102.7,1109.7,101.9,103.7,2083.1,102.3,103.3,441.6,5.5,30069.0,101.9,105.4
2013-11-30,2013,11,100.5,101.0,100.4,100.2,100.6,46.8,1975.9,1035.3,720.7,1869.3,1018.1,616.6,-17.2,-104.1,29.8,103.1,102.8,1431.9,99.8,104.7,989.0,100.7,103.2,1110.5,99.7,104.8,2099.5,100.1,104.1,419.3,5.4,30290.0,100.8,104.1
2013-12-31,2013,12,100.4,100.8,100.2,100.6,100.5,49.5,4751.0,2226.2,1554.2,2872.5,1261.2,930.2,-965.0,-624.0,32.5,103.6,100.4,2341.5,162.1,99.8,1189.7,119.5,101.8,1327.5,119.3,104.8,2517.2,119.4,103.5,444.5,5.6,39648.0,130.2,102.7
2014-01-31,2014,1,101.6,100.9,100.3,100.5,100.6,39.6,981.1,761.2,405.8,1726.3,1326.7,295.6,565.5,-110.2,21.0,81.2,99.8,492.2,21.1,92.7,882.7,73.0,101.1,984.4,73.4,104.3,1867.1,73.2,102.8,434.5,5.6,29535.0,74.3,105.2
2014-02-28,2014,2,102.0,101.1,100.4,100.4,100.7,36.4,2392.4,1500.3,604.6,1853.5,1041.9,567.5,-458.5,-37.2,24.1,101.6,102.1,643.2,129.6,95.5,884.5,99.1,102.5,986.8,99.9,105.8,1871.3,99.5,104.3,387.8,5.6,29255.0,98.4,104.6
2014-03-31,2014,3,102.3,101.7,100.7,100.5,101.0,47.0,2058.5,1084.2,672.8,2380.6,1152.8,927.5,68.7,254.8,27.4,109.7,101.4,728.4,114.5,95.3,962.4,107.0,101.0,1092.1,110.0,107.6,2054.5,108.6,104.5,421.8,5.4,31486.0,106.9,103.8
2014-04-30,2014,4,101.2,101.3,100.6,100.7,100.9,47.6,2346.7,1280.5,818.5,2537.9,1232.9,1049.9,-47.6,231.4,27.8,97.3,102.4,770.4,106.6,97.4,963.6,98.9,101.4,1079.3,98.3,104.5,2042.9,98.6,103.0,405.4,5.3,32947.0,103.8,103.2
2014-05-31,2014,5,101.2,101.5,100.5,100.8,100.9,44.0,1741.1,780.2,690.5,2074.0,1128.3,652.6,348.1,-38.0,26.1,99.6,102.8,991.1,127.0,97.3,999.4,102.4,100.0,1095.6,101.1,104.5,2095.0,101.7,102.4,420.4,4.9,32272.0,97.1,102.1
2014-06-30,2014,6,100.8,100.7,100.4,100.9,100.6,40.7,2063.8,995.7,769.7,2098.9,1238.3,559.0,242.6,-210.6,26.7,99.9,100.4,1180.5,119.0,99.3,1003.3,99.7,99.0,1115.5,101.4,102.9,2118.8,100.6,101.1,401.0,4.9,33726.0,104.1,102.1
2014-07-31,2014,7,100.6,99.8,100.4,101.4,100.5,46.2,2136.8,1114.4,796.6,2437.0,1134.8,1015.4,20.3,218.7,29.2,102.2,101.5,1075.1,90.5,99.1,1034.0,102.8,99.7,1158.2,103.3,103.2,2192.2,103.1,101.6,399.7,4.9,32515.0,95.9,101.4
2014-08-31,2014,8,101.1,99.5,100.5,100.7,100.2,41.5,1911.2,950.9,663.2,2035.2,1183.9,637.2,233.2,-25.9,25.3,99.8,100.0,1168.5,107.1,98.4,1061.8,102.8,100.0,1202.0,103.2,103.0,2263.8,103.0,101.6,399.7,4.8,30763.0,94.4,98.8
2014-09-30,2014,9,100.6,101.1,100.6,100.3,100.7,38.1,2047.5,1061.6,728.7,2078.0,1258.7,620.7,197.0,-108.0,26.0,102.7,102.8,1204.0,103.3,98.1,1044.3,97.6,99.5,1197.0,99.0,103.9,2241.3,98.4,101.8,404.9,4.9,31929.0,103.1,101.5
2014-10-31,2014,10,100.5,101.3,100.6,100.6,100.8,41.5,2294.7,1184.9,872.7,2342.1,1193.3,920.7,8.4,47.9,26.8,105.1,102.9,1468.5,121.6,99.2,1084.6,102.7,99.4,1226.3,101.8,103.8,2310.9,102.2,101.7,427.1,5.1,32439.0,100.9,100.6
2014-11-30,2014,11,100.5,102.3,100.6,101.2,101.3,36.8,1917.4,925.3,746.4,1875.9,1059.8,588.4,134.5,-157.9,23.1,99.8,99.6,1372.5,92.7,92.2,1097.9,99.2,98.2,1245.7,100.9,105.3,2343.6,100.1,101.9,418.1,5.2,32546.0,99.0,98.8
2014-12-31,2014,12,100.7,103.7,102.3,102.2,102.6,38.4,5720.5,3192.4,1583.8,3326.7,1545.5,1071.2,-1646.9,-512.6,24.5,108.1,103.9,2433.3,173.8,98.9,1362.4,120.5,99.2,1592.4,125.5,110.7,2954.8,123.2,105.1,431.4,5.3,42136.0,126.5,96.0
2015-01-31,2015,1,101.9,106.2,103.2,102.2,103.9,27.5,1833.3,1540.0,383.7,1661.5,1324.2,310.2,-215.9,-73.5,12.5,78.8,100.9,516.9,20.5,96.1,1003.5,70.2,95.1,1055.0,64.4,97.0,2058.5,67.1,96.1,417.4,5.5,30929.0,71.3,91.6
2015-02-28,2015,2,101.3,103.6,102.1,100.8,102.2,29.2,2403.8,1418.7,620.0,1741.5,954.7,493.3,-463.9,-126.7,15.6,99.2,98.4,680.7,129.1,95.7,998.4,96.4,92.5,1028.4,95.7,92.9,2026.8,96.0,92.8,382.4,5.8,31325.0,99.3,92.6
2015-03-31,2015,3,101.7,101.6,101.4,100.3,101.2,32.4,2254.7,1171.3,760.2,2641.6,1159.2,1202.3,-12.1,442.1,17.4,110.7,99.4,772.1,116.4,97.3,1088.7,107.1,92.6,1112.5,106.6,90.0,2201.2,106.8,91.3,425.0,5.9,32642.0,103.4,89.4
2015-04-30,2015,4,101.2,100.2,100.9,100.0,100.5,,,,,,,,,,,93.5,95.5,812.8,104.1,95.2,1066.0,97.2,91.1,1094.3,97.5,89.3,2160.3,97.4,90.2,400.6,5.8,32805.0,100.0,86.8
