,year,month,AGROPROD_yoy,CORP_RECEIVABLE_OVERDUE_bln_rub,CORP_RECEIVABLE_bln_rub,CPI_ALCOHOL_rog,CPI_FOOD_rog,CPI_NONFOOD_rog,CPI_SERVICES_rog,CPI_rog,EXPORT_GOODS_bln_usd,GOV_EXPENSE_CONSOLIDATED_bln_rub,GOV_EXPENSE_FEDERAL_bln_rub,GOV_EXPENSE_SUBFEDERAL_bln_rub,GOV_REVENUE_CONSOLIDATED_bln_rub,GOV_REVENUE_FEDERAL_bln_rub,GOV_REVENUE_SUBFEDERAL_bln_rub,GOV_SURPLUS_FEDERAL_bln_rub,GOV_SURPLUS_SUBFEDERAL_bln_rub,IMPORT_GOODS_bln_usd,INDPRO_rog,INDPRO_yoy,INVESTMENT_bln_rub,INVESTMENT_rog,INVESTMENT_yoy,PPI_rog,RETAIL_SALES_FOOD_bln_rub,RETAIL_SALES_FOOD_rog,RETAIL_SALES_FOOD_yoy,RETAIL_SALES_NONFOOD_bln_rub,RETAIL_SALES_NONFOOD_rog,RETAIL_SALES_NONFOOD_yoy,RETAIL_SALES_bln_rub,RETAIL_SALES_rog,RETAIL_SALES_yoy,TRANSPORT_FREIGHT_bln_tkm,UNEMPL_pct,WAGE_NOMINAL_rub,WAGE_REAL_rog,WAGE_REAL_yoy
1999-01-31,1999,1,96.50,772.00,1550.60,109.70,110.40,106.20,104.10,108.40,4.50,45.60,27.40,22.70,49.00,27.80,25.70,0.40,3.00,2.70,,,28.50,42.50,92.20,,60.30,82.50,90.30,61.50,81.00,79.00,121.80,81.70,84.00,277.70,14.30,1167.00,72.50,58.60
1999-02-28,1999,2,97.20,799.80,1613.40,104.20,104.40,104.00,103.20,104.10,4.90,57.50,33.60,26.50,50.30,26.90,26.00,-6.70,-0.50,3.00,,,31.80,108.40,93.80,,60.70,96.50,93.70,62.20,97.40,85.40,122.90,96.90,89.20,252.10,14.60,1199.00,99.10,59.00
1999-03-31,1999,3,97.70,824.80,1718.90,103.40,102.70,103.20,101.90,102.80,5.80,85.90,47.30,42.30,72.60,34.40,41.90,-12.90,-0.40,3.50,,,36.50,111.20,95.10,,65.80,105.50,94.10,68.50,106.60,89.10,134.30,106.00,91.40,291.40,14.00,1385.00,111.70,62.80
1999-04-30,1999,4,99.10,842.30,1791.70,103.40,102.50,104.00,103.10,103.00,6.60,96.50,51.80,47.20,92.10,44.80,49.80,-7.00,2.60,3.30,,,36.90,97.20,94.70,,66.20,98.10,90.60,69.20,97.10,87.50,135.40,97.60,88.90,277.10,13.50,1423.00,100.00,64.00
1999-05-31,1999,5,100.10,863.80,1826.50,101.80,102.00,102.70,102.10,102.20,5.10,95.30,53.30,46.30,85.90,39.80,50.40,-13.50,4.10,2.90,,,41.40,109.20,99.20,,68.60,101.60,91.80,70.30,98.90,87.80,138.90,100.20,89.70,282.10,12.90,1472.00,101.20,65.10
1999-06-30,1999,6,100.30,881.20,1857.00,101.40,101.80,101.60,103.50,101.90,5.40,106.00,58.70,55.00,98.70,52.90,53.50,-5.80,-1.50,4.00,,,52.80,124.30,102.90,,69.50,99.60,92.40,72.70,101.80,90.30,142.20,100.70,91.30,271.90,12.80,1626.00,107.70,66.00
1999-07-31,1999,7,106.20,883.80,1862.90,102.10,103.30,101.90,103.10,102.80,6.30,101.80,56.80,48.50,102.10,55.50,50.10,-1.30,1.60,3.20,,,56.20,102.60,102.10,,71.60,99.80,90.10,74.20,100.10,88.40,145.80,100.00,89.20,276.20,12.50,1618.00,96.90,65.00
1999-08-31,1999,8,104.90,881.60,1877.40,101.90,100.30,102.40,101.90,101.20,6.20,105.80,52.80,57.00,108.00,52.20,59.30,-0.60,2.30,3.10,,,61.80,106.20,101.90,,74.00,102.90,88.50,83.60,110.00,89.00,157.60,106.50,88.80,281.20,12.10,1608.00,98.10,69.30
1999-09-30,1999,9,106.00,883.50,1931.50,102.00,100.70,102.70,102.00,101.50,6.40,101.40,52.50,55.10,100.60,53.00,54.30,0.50,-0.80,3.10,,,67.60,104.10,111.10,,77.00,103.20,89.10,84.20,98.20,95.00,161.20,100.50,92.20,275.20,12.20,1684.00,103.10,93.90
1999-10-31,1999,10,109.70,889.70,1973.40,101.90,100.70,102.20,102.00,101.40,7.00,102.00,54.60,53.40,108.80,58.30,56.50,3.70,3.10,3.40,,,66.50,95.10,114.80,,79.10,101.80,94.80,88.00,102.40,108.40,167.10,102.10,101.90,292.80,12.40,1716.00,100.40,97.80
1999-11-30,1999,11,106.90,859.70,1973.10,102.20,100.90,101.50,101.70,101.20,7.60,118.50,51.70,74.00,138.30,69.30,76.20,17.60,2.20,3.50,,,72.00,104.30,112.10,,79.10,99.10,94.30,91.10,101.80,109.00,170.20,100.50,101.90,288.90,12.60,1789.00,103.00,102.50
1999-12-31,1999,12,103.00,814.60,1999.70,102.80,101.20,101.10,100.90,101.30,9.70,241.70,126.40,125.80,207.20,100.60,117.10,-25.80,-8.70,4.00,,,118.40,161.30,122.60,,94.20,117.40,104.70,105.80,114.90,106.40,200.00,116.00,105.60,305.60,12.50,2283.00,124.40,113.60
2000-01-31,2000,1,102.60,787.90,1949.90,109.20,101.30,102.20,103.40,102.30,6.80,82.90,52.80,34.40,102.00,64.90,41.40,12.10,7.00,2.90,,,46.10,37.40,107.90,,79.50,82.60,104.80,90.80,84.00,110.30,170.30,83.30,107.60,296.60,12.50,1830.00,80.90,126.10
2000-02-29,2000,2,104.20,886.20,2105.50,102.80,100.20,101.30,103.00,101.00,8.00,101.90,58.40,47.90,115.40,73.40,46.40,15.00,-1.50,3.40,,,55.80,116.60,116.10,,79.20,99.20,107.70,88.90,96.70,109.50,168.10,97.90,108.70,286.10,12.40,1839.00,99.40,126.40
2000-03-31,2000,3,104.60,921.00,2206.10,101.80,99.90,101.40,101.50,100.60,9.10,145.40,80.30,72.40,149.10,83.50,72.90,3.20,0.50,3.70,,,63.90,110.80,115.70,,83.90,105.90,108.10,95.40,105.80,108.70,179.30,105.90,108.40,303.40,11.40,2018.00,108.90,123.50
2000-04-30,2000,4,101.60,937.50,2274.80,100.80,100.20,101.50,102.10,100.90,8.30,139.80,69.70,75.40,168.50,92.20,81.60,22.50,6.20,3.40,,,64.50,97.90,116.50,,82.30,97.80,107.80,95.50,98.50,110.30,177.80,98.20,109.10,287.50,10.80,2039.00,100.20,123.30
2000-05-31,2000,5,101.60,959.20,2307.00,101.20,102.30,101.10,101.30,101.80,8.50,139.50,72.70,81.50,182.70,101.50,95.90,28.80,14.40,3.40,,,75.80,114.40,122.10,,83.70,99.50,105.60,96.10,99.60,111.10,179.80,99.60,108.40,293.40,10.30,2101.00,101.10,122.30
2000-06-30,2000,6,101.60,944.20,2331.60,101.40,103.50,100.80,103.00,102.60,8.70,151.40,71.50,91.10,170.10,92.20,89.10,20.70,-2.00,3.60,,,95.70,122.10,120.00,,86.50,100.10,106.10,98.70,101.90,111.20,185.20,101.10,108.70,286.20,10.10,2294.00,106.40,121.40
2000-07-31,2000,7,104.70,957.90,2368.10,101.50,101.80,100.80,103.80,101.80,8.60,134.50,67.90,75.30,158.10,88.40,78.40,20.50,3.10,3.60,,,99.10,100.00,116.90,,88.80,100.80,107.20,101.40,101.90,113.10,190.20,101.40,110.20,292.00,10.00,2302.00,98.80,123.10
2000-08-31,2000,8,118.60,966.20,2388.40,101.10,100.20,101.40,103.00,101.00,9.10,162.90,82.70,87.10,186.40,96.90,96.40,14.20,9.30,3.80,,,112.90,111.20,122.50,,92.50,103.90,108.20,110.10,107.20,110.20,202.60,105.60,109.30,290.00,9.90,2289.00,98.50,123.30
2000-09-30,2000,9,106.70,964.10,2452.80,100.70,100.60,102.10,102.80,101.30,9.00,146.50,76.20,77.20,163.60,90.20,80.30,14.00,3.10,3.80,,,118.30,101.70,119.60,,94.70,101.70,106.70,110.90,98.70,110.80,205.60,100.10,108.80,285.80,9.80,2367.00,102.10,122.00
2000-10-31,2000,10,103.90,949.00,2480.40,100.50,102.40,101.90,102.40,102.10,8.90,148.30,78.00,78.60,171.60,97.20,82.70,19.20,4.10,4.10,,,114.60,94.00,118.20,,99.30,102.70,107.60,115.00,101.70,110.10,214.30,102.20,109.00,307.80,9.80,2425.00,100.50,121.90
2000-11-30,2000,11,102.60,960.70,2522.50,100.80,101.60,101.50,101.60,101.50,10.10,183.20,89.80,102.10,217.50,110.30,115.90,20.50,13.80,4.40,,,123.00,104.60,118.50,,101.50,100.70,109.30,119.00,102.00,110.30,220.50,101.40,109.90,302.10,9.80,2508.00,101.90,119.40
2000-12-31,2000,12,99.30,916.30,2450.80,101.10,102.00,101.20,101.60,101.60,10.10,423.80,229.20,209.10,312.70,141.40,184.80,-87.80,-24.20,4.90,,,195.50,154.30,113.40,,121.30,117.40,109.30,137.30,114.00,109.50,258.60,115.60,109.40,311.00,9.90,3025.00,118.80,113.40
2001-01-31,2001,1,101.70,1010.10,2817.10,101.80,103.20,101.40,104.60,102.80,8.40,97.90,60.60,56.00,151.10,94.60,75.20,34.00,19.20,3.20,,,66.70,35.70,109.40,,99.40,79.50,105.20,115.00,82.60,107.70,214.40,81.20,106.60,301.00,9.90,2733.00,88.30,123.70
2001-02-28,2001,2,101.10,1018.40,2902.40,100.90,102.50,101.30,104.30,102.30,8.20,169.10,109.80,74.30,165.40,105.50,74.90,-4.30,0.60,3.70,,,77.40,113.60,106.60,,100.80,99.10,105.10,115.60,99.30,110.60,216.40,99.20,108.00,280.70,10.00,2655.00,94.90,118.20
2001-03-31,2001,3,101.60,1041.70,3008.70,100.60,101.90,101.30,103.40,101.90,8.90,178.70,98.40,94.90,199.10,117.90,95.80,19.50,0.90,4.30,,,86.20,109.80,105.60,,109.60,106.90,106.10,124.80,106.60,111.40,234.40,106.70,108.90,311.00,9.50,2964.00,109.80,118.90
2001-04-30,2001,4,102.70,1079.70,3088.20,100.60,102.20,100.90,102.80,101.80,8.50,189.50,96.40,111.50,239.40,133.90,123.90,37.50,12.40,4.40,,,87.90,100.50,108.40,,110.30,98.60,107.00,127.40,101.20,114.40,237.70,100.00,111.00,299.10,9.10,2923.00,96.70,115.70
2001-05-31,2001,5,103.40,1049.90,3130.40,100.80,102.50,100.90,101.80,101.80,8.50,186.80,99.80,108.00,244.70,133.40,132.30,33.60,24.30,4.60,,,106.10,119.10,112.80,,113.00,100.20,107.70,131.00,101.90,117.10,244.00,101.10,112.80,307.70,8.60,3054.00,102.70,116.80
2001-06-30,2001,6,102.80,1048.70,3148.70,101.10,102.00,100.60,102.50,101.60,9.20,204.50,113.80,112.70,205.80,127.80,100.00,14.00,-12.70,4.70,,,124.80,116.50,107.70,,114.10,99.10,106.60,133.80,101.40,116.60,247.90,100.40,112.00,297.30,8.50,3284.00,105.70,116.70
2001-07-31,2001,7,115.40,1067.60,3232.10,101.10,99.60,100.50,102.90,100.50,8.10,192.70,100.30,109.00,222.10,133.80,104.90,33.50,-4.10,4.40,,,127.70,101.30,109.10,,117.60,103.40,109.30,132.90,98.90,113.20,250.50,100.90,111.40,299.40,8.50,3364.00,101.90,120.40
2001-08-31,2001,8,118.20,1053.00,3276.30,100.90,98.70,100.80,102.30,100.00,9.00,225.90,125.70,119.90,248.10,132.50,135.30,6.80,15.40,4.60,,,144.20,111.80,109.70,,122.50,105.20,110.70,143.80,107.40,113.40,266.30,106.30,112.20,302.50,8.50,3376.00,100.30,122.80
2001-09-30,2001,9,103.70,1052.80,3319.00,101.00,99.60,101.20,102.60,100.60,8.50,210.60,124.80,109.90,205.80,129.00,100.90,4.20,-9.00,4.20,,,149.20,102.70,110.80,,121.60,99.50,108.30,144.90,99.60,114.50,266.50,99.60,111.60,299.90,8.60,3405.00,100.10,120.80
2001-10-31,2001,10,101.10,1038.20,3344.70,101.00,100.70,101.30,101.90,101.10,8.00,196.50,106.30,109.10,233.40,142.40,109.90,36.10,0.80,4.80,,,144.70,95.30,112.40,,125.20,102.20,107.70,152.60,104.00,117.00,277.80,103.10,112.70,326.90,8.70,3515.00,102.20,122.60
2001-11-30,2001,11,106.50,1053.20,3318.20,101.20,101.50,101.10,101.50,101.40,8.40,206.00,100.00,126.20,255.50,142.80,132.90,42.80,6.70,5.10,,,150.20,102.50,110.20,,129.40,101.90,109.10,154.40,100.10,114.80,283.80,100.90,112.20,313.70,8.80,3578.00,100.40,120.80
2001-12-31,2001,12,104.80,1007.30,3211.00,101.00,102.20,100.90,101.40,101.60,8.20,361.20,186.00,198.70,313.30,200.40,136.40,14.40,-62.30,5.70,,,239.60,158.00,112.80,,153.30,116.00,107.80,177.00,113.60,114.40,330.30,114.70,111.30,311.30,8.60,4541.00,124.70,127.20
2002-01-31,2002,1,103.20,1020.50,3106.70,101.70,103.00,101.20,107.50,103.10,6.70,131.60,78.30,72.60,236.60,161.20,94.70,82.90,22.10,3.70,,,78.10,32.00,100.10,,129.30,82.00,111.20,141.60,79.00,109.40,270.90,80.40,110.20,311.40,8.50,3760.00,80.70,115.80
2002-02-28,2002,2,104.80,1029.80,3218.00,101.00,100.90,100.80,102.70,101.20,6.70,211.00,139.00,95.10,217.20,145.20,95.10,6.20,0.00,4.00,,,89.60,113.60,100.10,,126.70,97.10,109.00,141.30,99.00,109.10,268.00,98.10,109.10,297.90,8.40,3725.00,97.90,119.50
2002-03-31,2002,3,105.60,963.10,3485.00,100.60,100.40,100.70,103.70,101.10,8.50,244.20,147.10,122.00,255.70,166.00,114.60,18.90,-7.40,4.70,,,102.40,113.40,103.40,,137.70,108.20,110.40,151.40,106.40,109.00,289.10,107.30,109.70,328.00,8.20,4031.00,107.10,116.60
2002-04-30,2002,4,104.30,964.30,3460.70,100.60,101.00,100.80,102.40,101.20,9.50,290.10,160.20,154.60,330.10,184.40,170.40,24.20,15.80,5.10,,,104.00,100.80,103.70,,139.60,100.00,111.90,154.00,100.50,108.20,293.60,100.30,109.90,315.60,8.00,4110.00,100.70,121.30
2002-05-31,2002,5,102.60,950.20,3473.30,100.60,102.50,101.20,101.00,101.70,8.60,245.30,149.70,126.50,287.10,165.40,152.60,15.70,26.10,4.70,,,125.10,118.70,103.30,,139.90,98.00,109.50,152.00,97.60,103.60,291.90,97.80,106.40,323.50,7.70,4187.00,100.10,118.30
2002-06-30,2002,6,101.10,977.90,3577.00,100.70,99.70,101.10,101.60,100.50,8.20,270.30,154.00,146.80,250.40,168.90,112.00,14.90,-34.80,5.00,,,147.30,116.70,103.50,,140.80,100.90,111.50,157.90,102.60,104.80,298.70,101.80,107.90,312.00,7.50,4460.00,105.90,118.50
2002-07-31,2002,7,103.50,941.40,3587.60,100.50,100.40,100.60,101.80,100.70,9.30,281.30,161.90,143.20,335.70,208.90,150.60,47.00,7.40,5.50,,,152.20,101.90,104.10,,145.20,102.60,110.70,165.90,104.50,110.80,311.10,103.60,110.70,321.30,7.40,4597.00,102.20,119.00
2002-08-31,2002,8,96.20,942.90,3645.50,100.50,98.70,100.70,102.50,100.10,10.00,293.80,174.40,143.20,305.30,188.10,141.00,13.70,-2.20,5.10,,,167.00,109.00,101.50,,148.60,103.50,108.90,176.70,105.80,109.10,325.30,104.70,109.10,321.70,7.20,4511.00,98.00,116.20
2002-09-30,2002,9,95.00,976.40,3772.30,100.50,99.10,100.90,102.80,100.40,9.70,271.90,167.00,131.90,285.70,189.90,122.80,22.90,-9.10,5.10,,,175.30,104.00,102.80,,149.80,101.60,111.10,177.30,99.40,109.00,327.10,100.40,110.00,322.00,7.70,4521.00,99.80,115.70
2002-10-31,2002,10,109.40,973.60,3801.40,100.50,100.60,100.90,102.50,101.10,9.90,377.30,257.90,149.80,354.20,225.40,159.20,-32.50,9.40,5.90,,,169.10,95.70,103.20,,153.50,101.80,110.70,187.00,104.50,109.60,340.50,103.30,110.10,341.70,8.20,4646.00,101.70,115.30
2002-11-30,2002,11,109.90,967.60,3869.90,100.50,102.20,100.90,101.90,101.60,9.30,314.40,198.50,149.80,306.90,188.00,152.80,-10.50,3.00,5.70,,,174.30,102.30,102.90,,156.80,100.20,108.80,190.40,100.90,110.50,347.20,100.60,109.70,331.20,8.70,4694.00,99.60,114.30
2002-12-31,2002,12,99.20,910.90,3663.30,100.80,102.40,100.70,101.10,101.50,11.00,491.10,266.20,251.70,354.30,213.30,167.80,-52.90,-83.90,6.50,,,278.00,158.40,103.20,,186.00,116.00,108.80,216.00,112.90,109.70,402.00,114.30,109.30,341.70,9.00,5738.00,120.40,110.20
2003-01-31,2003,1,99.70,867.50,3566.80,101.90,102.60,101.10,104.40,102.40,9.60,175.80,110.20,86.90,271.50,180.20,112.60,70.00,25.70,4.70,,,93.80,33.50,107.90,,152.80,80.30,106.50,176.70,80.70,112.00,329.50,80.50,109.40,340.20,9.00,4696.00,80.60,110.20
2003-02-28,2003,2,99.80,834.60,3652.40,101.10,101.20,100.90,104.20,101.60,9.90,275.50,182.80,119.70,269.00,187.80,108.20,5.00,-11.50,5.20,,,110.60,117.00,111.10,,151.00,97.90,107.30,176.20,98.70,111.70,327.20,98.30,109.60,315.70,9.20,4701.00,98.50,110.70
2003-03-31,2003,3,99.00,977.10,3972.20,100.90,101.00,100.80,101.70,101.10,11.60,318.70,198.60,148.50,335.00,212.90,150.50,14.30,2.00,6.00,,,125.60,113.20,110.90,,165.90,109.00,108.10,191.30,107.60,113.00,357.20,108.20,110.60,353.10,8.80,4986.00,104.80,108.30
2003-04-30,2003,4,98.50,914.10,4050.50,100.50,101.10,100.60,101.80,101.00,10.20,329.80,185.40,174.00,396.40,223.30,202.70,37.90,28.70,6.20,,,129.90,102.30,112.60,,166.90,99.70,107.70,189.90,98.60,110.90,356.80,99.10,109.40,336.50,8.40,5100.00,101.20,108.40
2003-05-31,2003,5,97.40,909.60,4044.80,100.50,100.70,100.60,101.50,100.80,10.50,295.90,178.50,155.00,352.60,225.00,165.20,46.50,10.20,5.90,,,158.80,121.20,114.90,,167.20,99.50,109.40,188.40,98.60,112.00,355.60,99.00,110.70,347.70,8.10,5221.00,101.50,110.00
2003-06-30,2003,6,95.90,917.70,4194.90,100.70,100.80,100.50,101.20,100.80,11.10,336.40,204.20,170.60,321.90,214.70,145.60,10.50,-25.00,6.10,,,181.90,113.60,111.80,,168.90,100.30,108.80,190.60,100.60,109.80,359.50,100.50,109.30,339.80,8.00,5550.00,105.50,109.50
2003-07-31,2003,7,91.60,901.30,4102.30,100.50,100.40,100.50,101.90,100.70,11.40,331.70,193.30,168.20,375.80,222.70,182.90,29.40,14.70,6.70,,,185.80,101.50,111.40,,173.20,102.10,108.30,197.90,103.30,108.60,371.10,102.70,108.40,346.50,7.90,5615.00,100.60,107.80
2003-08-31,2003,8,90.00,913.30,4197.40,100.50,98.30,100.60,100.70,99.60,12.00,333.30,201.20,160.00,336.30,211.40,152.80,10.20,-7.20,6.40,,,204.80,109.30,111.60,,176.50,102.60,107.40,205.70,103.20,105.90,382.20,103.00,106.60,350.20,7.80,5491.00,98.30,108.10
2003-09-30,2003,9,109.00,932.90,4305.80,100.60,99.70,100.90,100.90,100.30,11.60,340.70,203.20,167.00,340.00,218.30,151.20,15.10,-15.80,6.50,,,216.90,104.70,112.40,,177.50,100.50,106.30,211.70,101.90,108.60,389.20,101.20,107.50,342.50,7.80,5556.00,100.90,109.20
2003-10-31,2003,10,111.30,953.40,4468.60,100.70,101.20,101.00,100.80,101.00,12.60,316.10,182.60,165.90,380.00,231.40,181.10,48.80,15.20,7.10,,,209.60,95.80,112.50,,183.70,102.30,106.90,223.20,104.40,108.40,406.90,103.40,107.70,367.40,7.80,5864.00,104.60,112.10
2003-11-30,2003,11,102.80,957.40,4399.90,100.80,101.30,100.80,100.40,101.00,11.50,329.90,185.80,171.60,348.00,214.20,161.20,28.40,-10.40,6.80,,,216.20,102.40,112.60,,186.40,100.30,106.90,226.80,100.80,108.30,413.20,100.60,107.60,357.80,7.80,5990.00,101.10,114.10
2003-12-31,2003,12,99.00,876.50,4138.70,101.00,101.60,100.60,100.90,101.10,14.00,581.10,332.80,296.90,412.20,244.30,216.50,-88.50,-80.40,8.50,,,352.50,161.80,115.00,,221.70,117.30,108.10,259.60,113.80,109.30,481.30,115.40,108.80,373.60,8.20,7344.00,121.30,114.70
2004-01-31,2004,1,99.00,870.70,4018.60,101.40,101.60,100.50,104.10,101.80,11.30,193.10,115.50,99.30,319.10,218.00,122.80,102.50,23.50,5.60,,,124.10,35.00,117.50,,185.80,82.40,110.80,213.80,81.80,110.80,399.60,82.10,110.80,362.80,8.70,5932.00,78.70,112.10
2004-02-29,2004,2,99.00,834.00,4150.50,101.20,101.10,100.40,101.60,101.00,12.10,311.40,203.70,134.70,305.50,216.70,115.80,13.00,-18.90,6.60,,,149.90,119.10,119.60,,185.00,98.40,111.60,215.60,100.30,112.60,400.60,99.40,112.10,345.50,9.10,6141.00,102.30,116.70
2004-03-31,2004,3,99.00,877.20,4385.80,100.80,101.10,100.40,100.60,100.80,14.00,385.10,234.70,178.80,420.50,253.90,194.90,19.20,16.10,7.80,,,168.20,111.80,118.10,,202.90,108.60,111.10,234.20,108.20,113.20,437.10,108.40,112.20,377.60,8.50,6428.00,103.90,115.70
2004-04-30,2004,4,99.60,891.50,4470.00,100.80,100.90,100.60,102.00,101.00,14.70,400.90,241.00,204.20,512.40,276.10,280.70,35.10,76.50,7.70,,,170.70,100.40,116.00,,204.00,99.70,111.20,235.10,99.70,114.30,439.10,99.70,112.80,367.40,7.80,6448.00,99.40,113.90
2004-05-31,2004,5,99.50,918.50,4578.40,100.70,100.40,100.80,101.40,100.70,13.60,315.40,179.40,166.60,406.80,264.90,172.50,85.50,5.90,7.40,,,209.20,120.80,115.70,,204.00,99.50,111.30,235.10,99.00,114.70,439.10,99.30,113.00,372.60,7.10,6524.00,100.40,112.80
2004-06-30,2004,6,99.70,870.70,4665.00,100.50,100.90,100.70,100.90,100.80,14.90,406.50,210.30,218.30,460.10,309.10,173.10,98.80,-45.20,7.90,,,246.40,116.40,118.60,,206.50,100.20,111.20,237.50,100.20,114.30,444.00,100.20,112.70,359.20,7.10,7003.00,106.50,113.80
2004-07-31,2004,7,113.30,865.60,4815.00,100.50,101.10,100.60,101.30,100.90,15.40,377.40,213.40,194.70,505.30,295.10,240.90,81.70,46.20,8.40,,,236.80,94.90,110.90,,213.30,102.50,111.50,250.20,104.60,115.80,463.50,103.60,113.60,367.30,7.00,6982.00,98.80,111.70
2004-08-31,2004,8,109.80,889.20,4989.90,100.40,100.10,100.50,101.00,100.40,16.80,376.60,232.70,184.40,450.90,281.10,210.30,48.40,25.90,8.30,,,270.50,112.80,114.40,,216.60,101.40,110.10,262.60,104.40,116.90,479.20,103.00,113.70,374.00,6.90,6873.00,98.20,111.60
2004-09-30,2004,9,97.10,903.60,5086.90,100.50,100.00,100.90,100.60,100.40,16.30,378.90,206.30,189.30,475.00,310.10,181.60,103.80,-7.70,8.30,,,276.00,100.80,110.10,,220.50,101.70,111.60,267.30,100.60,115.30,487.80,101.10,113.50,366.60,7.20,6918.00,100.30,110.90
2004-10-31,2004,10,101.60,920.20,5130.60,100.60,101.50,100.70,101.20,101.10,17.20,368.00,217.30,202.90,490.30,319.40,223.10,102.10,20.20,8.90,,,264.90,94.20,108.20,,228.40,102.30,111.40,284.30,105.40,116.40,512.70,104.00,114.20,384.70,7.60,6908.00,98.80,104.60
2004-11-30,2004,11,104.40,908.10,5262.90,100.50,101.70,100.70,100.80,101.10,17.80,406.50,234.50,244.90,512.30,330.80,254.40,96.30,9.50,9.40,,,290.90,108.50,114.70,,233.50,100.80,112.10,291.90,101.80,117.60,525.40,101.40,115.00,377.70,7.90,7046.00,100.90,104.30
2004-12-31,2004,12,100.20,839.00,5174.40,100.80,101.90,100.40,101.00,101.10,19.20,749.90,410.10,354.90,571.70,353.70,233.10,-56.40,-121.80,11.20,,,457.40,156.30,110.80,,279.80,117.80,112.50,334.60,113.80,117.60,614.40,115.60,115.10,385.90,7.90,8799.00,123.50,106.30
2005-01-31,2005,1,99.40,879.60,5411.40,101.00,101.50,100.40,108.80,102.60,13.70,287.90,250.70,83.60,631.40,456.90,221.00,206.20,137.40,6.90,,,148.10,32.00,103.50,,222.60,78.50,107.30,263.20,78.50,112.80,485.80,78.50,110.10,377.70,7.90,7346.00,80.90,108.90
2005-02-28,2005,2,99.10,964.90,5437.10,100.90,101.50,100.40,102.20,101.20,15.90,343.20,194.80,178.70,459.00,293.00,196.10,98.20,17.50,8.30,,,184.50,123.30,107.20,,225.40,100.00,109.00,263.50,99.80,112.10,488.90,99.90,110.60,348.40,7.90,7465.00,100.40,106.70
2005-03-31,2005,3,100.00,942.30,5696.60,100.80,102.30,100.40,101.20,101.30,19.50,429.80,225.60,251.00,625.90,446.50,226.30,220.90,-24.80,10.00,,,207.90,112.30,107.70,,248.30,108.30,108.70,288.20,108.80,112.90,536.50,108.60,110.90,386.50,7.60,8093.00,107.10,109.70
2005-04-30,2005,4,100.10,952.20,5730.80,100.60,101.90,100.50,100.80,101.10,19.50,492.80,294.60,237.70,623.60,390.70,272.40,96.10,34.70,9.50,,,212.60,101.50,108.90,,256.40,101.70,110.90,296.90,102.30,115.90,553.30,102.00,113.50,373.20,7.20,8002.00,97.90,107.80
2005-05-31,2005,5,100.70,932.20,5833.10,100.60,101.20,100.40,100.80,100.80,20.00,434.10,262.90,208.50,567.50,379.70,225.00,116.80,16.50,9.50,,,250.60,116.40,104.90,,261.00,100.30,111.70,298.70,99.90,116.90,559.70,100.10,114.40,387.40,6.90,8089.00,100.20,107.70
2005-06-30,2005,6,100.30,934.80,6040.10,100.50,100.80,100.30,100.90,100.60,19.10,455.30,215.60,280.60,606.40,419.60,227.80,204.00,-52.80,9.90,,,313.10,123.40,111.10,,259.80,98.20,109.50,302.10,100.60,117.40,561.90,99.50,113.60,369.20,6.90,8637.00,106.50,107.60
2005-07-31,2005,7,103.90,941.30,6156.70,100.50,100.20,100.40,100.90,100.50,21.20,495.20,318.60,222.20,632.80,412.80,265.60,94.20,43.40,10.70,,,306.50,97.00,113.60,,268.20,102.70,109.80,312.60,102.90,115.50,580.80,102.90,112.80,371.40,6.80,8651.00,99.50,108.30
2005-08-31,2005,8,102.10,936.20,6241.90,100.50,98.70,100.50,100.80,99.90,21.40,506.90,300.90,237.70,654.70,437.40,248.90,136.50,11.20,10.60,,,336.80,108.30,109.10,,272.20,102.00,110.40,328.60,104.40,115.70,600.80,103.30,113.20,379.90,6.80,8616.00,100.60,110.10
2005-09-30,2005,9,103.30,900.20,6301.50,100.50,99.10,101.10,100.90,100.30,21.40,653.00,456.00,250.20,622.80,445.10,230.90,-10.80,-19.30,10.70,,,350.30,103.20,111.70,,277.50,102.10,111.00,337.70,101.30,116.30,615.20,101.70,113.80,374.00,6.80,8829.00,102.20,112.30
2005-10-31,2005,10,98.20,930.50,6349.10,100.40,100.40,100.70,100.70,100.60,21.80,370.40,204.90,197.40,715.60,472.50,275.00,267.60,77.60,11.50,,,332.40,93.80,111.30,,286.00,102.70,111.40,352.90,103.80,114.60,638.90,103.20,113.00,396.30,6.90,8701.00,98.20,111.80
2005-11-30,2005,11,101.70,917.40,6509.60,100.60,101.00,100.60,100.60,100.70,21.80,463.20,252.40,265.50,692.90,459.40,288.20,206.90,22.70,12.30,,,382.50,114.30,117.20,,290.50,100.80,111.30,357.80,100.80,113.40,648.30,100.80,112.30,385.40,6.90,8931.00,101.80,113.10
2005-12-31,2005,12,105.50,856.00,6331.30,100.60,101.10,100.50,100.80,100.80,24.60,1888.80,537.30,528.10,1747.00,513.60,322.70,-23.70,-205.40,13.80,,,585.80,152.30,114.20,,349.70,119.20,112.70,421.70,117.30,116.80,771.40,118.20,114.90,400.40,7.20,11319.00,125.70,114.90
2006-01-31,2006,1,101.60,794.80,6052.00,100.70,102.20,100.40,106.20,102.40,20.50,280.90,227.70,90.40,579.80,449.30,167.60,221.60,77.30,8.30,,,176.30,30.00,106.60,,275.00,77.10,110.60,319.60,75.50,112.30,594.60,76.20,111.50,376.60,7.50,9016.00,76.80,110.10
2006-02-28,2006,2,101.20,777.50,6380.60,100.70,103.40,100.50,101.00,101.70,21.40,422.00,257.30,204.80,571.50,426.50,185.10,169.20,-19.80,10.10,,,217.50,121.50,105.00,,277.10,97.80,108.20,322.60,100.40,113.10,599.70,99.30,110.80,359.10,7.80,9255.00,101.00,110.70
2006-03-31,2006,3,101.70,922.70,6730.90,100.80,101.30,100.40,100.70,100.80,24.40,571.30,338.20,271.50,838.20,523.30,353.30,185.10,81.90,12.40,,,264.60,121.60,113.70,,304.10,108.60,108.50,358.80,110.90,115.30,662.90,109.80,112.00,398.90,7.60,9914.00,106.20,110.00
2006-04-30,2006,4,101.60,978.10,6941.80,100.60,100.20,100.30,100.60,100.40,23.70,569.10,363.50,251.60,704.40,479.60,270.90,116.00,19.20,11.40,,,267.80,100.70,112.80,,308.90,101.30,108.00,369.90,102.80,115.90,678.80,102.10,112.10,381.60,7.50,9833.00,99.00,111.10
2006-05-31,2006,5,101.20,932.90,7115.70,100.70,100.40,100.40,100.60,100.50,26.80,522.20,315.40,261.70,866.30,518.10,403.00,202.80,141.40,12.90,,,340.60,125.70,121.90,,316.70,101.90,109.80,372.30,100.50,116.50,689.00,101.10,113.30,400.00,7.40,10257.00,103.70,115.00
2006-06-30,2006,6,101.00,925.90,7266.80,100.50,99.90,100.30,100.70,100.30,25.10,1616.30,352.60,346.70,1824.30,541.30,291.70,188.70,-55.10,14.50,,,409.20,119.30,117.80,,319.20,100.80,112.60,381.10,101.90,118.00,700.30,101.40,115.50,381.10,7.10,11106.00,108.00,116.70
2006-07-31,2006,7,99.40,935.00,7386.50,100.90,100.90,100.40,100.60,100.70,25.50,81.80,338.10,271.90,333.40,524.70,334.60,186.60,62.60,13.50,,,381.50,92.10,111.80,,329.80,102.60,112.40,395.80,103.60,118.80,725.60,103.10,115.80,393.40,6.80,10883.00,97.80,115.00
2006-08-31,2006,8,97.50,937.30,7536.80,101.20,99.10,100.80,100.80,100.20,27.90,674.20,346.50,280.80,997.40,565.90,372.20,219.40,91.50,14.20,,,437.60,113.00,116.70,,335.30,101.80,112.20,416.40,104.20,118.50,751.70,103.10,115.50,397.00,6.40,10853.00,99.70,113.90
2006-09-30,2006,9,104.10,951.40,7795.40,101.10,99.00,100.80,100.50,100.10,25.40,743.40,327.20,302.70,896.90,532.30,239.70,205.20,-63.10,14.30,,,468.20,105.40,119.30,,339.50,101.50,111.30,420.50,100.20,117.50,760.00,100.80,114.60,384.90,6.50,11127.00,102.40,114.20
2006-10-31,2006,10,108.60,832.90,7708.60,100.90,99.80,100.60,100.40,100.30,24.00,608.00,330.00,290.70,901.10,541.40,382.70,211.30,92.10,15.80,,,462.90,97.40,123.80,,351.10,103.30,112.00,442.40,104.80,118.60,793.50,104.10,115.50,396.70,6.60,11046.00,99.20,115.20
2006-11-30,2006,11,113.60,1112.10,8193.50,101.00,100.70,100.60,100.50,100.60,24.40,750.40,472.20,367.30,953.00,558.90,400.80,86.70,33.40,16.20,,,508.60,108.50,117.60,,356.30,100.70,112.00,442.60,99.60,117.30,798.90,100.10,114.90,392.10,6.60,11303.00,101.80,115.10
2006-12-31,2006,12,105.90,1039.90,7871.20,100.70,101.20,100.50,100.70,100.80,28.40,1535.60,616.10,717.60,1159.50,617.60,395.70,1.50,-321.80,19.60,,,795.20,155.30,120.00,,434.40,120.70,113.30,522.50,117.80,117.80,956.90,119.10,115.70,413.50,6.80,14263.00,125.20,114.30
2007-01-31,2007,1,102.60,1064.90,7859.90,100.70,101.00,100.40,104.70,101.70,21.30,329.30,218.00,120.20,700.40,436.20,242.80,218.20,122.60,11.70,,,255.30,31.70,127.60,,328.30,74.90,110.00,399.40,76.10,118.80,727.70,75.60,114.70,400.00,6.90,11430.00,79.60,117.70
2007-02-28,2007,2,102.60,1071.00,8341.10,100.60,100.90,100.30,102.60,101.10,22.90,608.00,319.30,259.00,745.20,452.00,240.50,132.70,-18.50,14.10,,,298.00,115.30,121.10,,333.60,100.80,113.30,394.90,98.50,116.50,728.50,99.50,115.00,368.70,7.10,11757.00,101.70,118.80
2007-03-31,2007,3,104.40,1108.30,8821.20,100.60,100.80,100.40,100.60,100.60,25.90,817.40,408.30,341.20,1084.70,533.70,457.20,125.40,116.00,16.90,,,344.30,115.20,114.70,,366.00,109.00,113.80,435.60,109.90,115.50,801.60,109.50,114.60,404.00,6.70,12448.00,105.40,118.20
2007-04-30,2007,4,104.20,1154.90,9045.40,100.50,100.80,100.40,100.50,100.60,27.00,766.00,424.30,323.40,914.00,503.00,398.60,78.70,75.20,16.70,,,364.50,104.80,119.40,,373.90,101.40,113.90,452.40,103.40,116.20,826.30,102.50,115.10,390.30,6.30,12494.00,99.70,118.80
2007-05-31,2007,5,104.20,1148.20,9354.20,100.50,101.00,100.40,100.50,100.60,28.70,764.20,358.30,347.60,1081.80,585.70,422.30,227.40,74.80,17.50,,,472.20,127.50,121.10,,383.90,101.70,113.60,463.20,102.00,118.00,847.10,101.90,115.90,417.40,5.80,12787.00,101.80,116.40
2007-06-30,2007,6,104.40,965.20,9469.50,100.50,102.00,100.30,100.60,101.00,26.20,944.90,441.50,423.00,1168.10,735.10,323.00,293.70,-100.10,18.50,,,577.70,120.90,122.70,,394.10,100.90,113.70,475.10,102.30,118.40,869.20,101.70,116.30,386.70,5.70,13712.00,106.30,114.90
2007-07-31,2007,7,104.50,978.80,9630.80,100.60,101.60,100.40,100.60,100.90,29.10,787.00,456.90,360.90,1142.50,628.90,537.80,171.90,176.90,19.30,,,543.10,92.50,123.20,,405.70,101.50,112.50,497.50,104.30,119.20,903.20,103.00,116.20,397.90,5.60,13546.00,98.00,115.30
2007-08-31,2007,8,105.80,981.30,9840.20,100.50,99.20,100.60,100.50,100.10,30.30,787.50,427.80,360.30,1087.60,635.30,422.60,207.40,62.30,20.00,,,584.20,105.60,115.10,,416.80,102.80,113.70,525.70,105.30,120.50,942.50,104.20,117.40,393.20,5.50,13270.00,97.90,113.20
2007-09-30,2007,9,100.30,1063.90,10440.10,100.60,101.10,100.80,100.40,100.80,27.70,916.50,409.90,401.20,979.10,577.70,275.90,167.80,-125.40,18.70,,,616.80,103.70,113.20,,421.70,100.10,112.20,531.80,100.40,120.70,953.50,100.30,116.80,389.90,5.50,13677.00,102.30,113.30
2007-10-31,2007,10,102.80,952.20,10513.80,100.80,103.70,100.90,100.10,101.60,34.40,828.50,616.80,422.00,1611.70,1099.70,583.60,483.00,161.80,22.20,,,684.70,109.00,126.70,,444.70,102.10,110.90,559.50,104.30,120.10,1004.20,103.30,115.90,405.60,5.60,13986.00,100.70,114.90
2007-11-30,2007,11,102.90,925.80,10927.70,100.80,102.10,100.90,100.60,101.20,35.20,1585.20,983.70,471.80,1142.40,702.40,396.80,-281.30,-75.10,22.60,,,740.40,106.60,124.50,,455.80,100.60,110.70,567.60,100.60,121.30,1023.40,100.60,116.50,405.90,5.60,14656.00,103.50,116.80
2007-12-31,2007,12,104.00,887.20,11061.10,100.70,101.80,100.70,100.90,101.10,37.80,2244.10,921.80,959.90,1710.80,891.40,527.40,-30.30,-432.50,24.90,,,1235.00,164.90,132.10,,566.90,123.00,112.90,674.90,118.20,121.70,1241.80,120.30,117.70,428.70,6.00,18591.00,125.50,116.40
2008-01-31,2008,1,104.30,945.60,10987.80,100.90,102.10,100.60,105.40,102.30,33.90,454.50,390.70,162.30,1015.50,691.30,388.40,300.60,226.10,15.60,,,364.30,29.00,120.90,,442.90,76.70,115.50,501.20,73.80,118.00,944.10,75.10,117.00,414.10,6.50,14771.00,77.00,113.30
2008-02-29,2008,2,105.90,931.20,11361.10,101.00,101.80,100.60,101.40,101.20,35.10,918.30,467.80,393.40,1051.40,631.20,339.30,163.40,-54.20,21.00,,,447.30,120.30,126.10,,452.00,100.40,115.10,512.30,101.60,121.60,964.30,101.10,118.80,395.90,6.90,15354.00,102.90,114.10
2008-03-31,2008,3,106.00,971.30,11953.70,101.10,102.20,100.70,100.60,101.20,39.40,963.10,474.20,407.70,1267.30,610.20,566.20,136.00,158.50,23.20,,,503.00,112.30,123.00,,494.70,107.30,113.40,554.70,107.50,119.00,1049.40,107.40,116.60,424.40,6.40,16172.00,104.20,112.80
2008-04-30,2008,4,106.60,962.80,12228.10,101.00,102.40,100.90,101.00,101.40,40.50,1026.00,552.60,472.20,1820.60,1091.80,701.40,539.20,229.30,25.20,,,544.10,106.50,125.00,,490.70,97.10,108.50,586.20,104.80,120.50,1076.90,101.10,115.00,411.00,5.80,16538.00,101.00,114.60
2008-05-31,2008,5,106.80,972.60,12684.20,101.00,102.30,100.80,101.00,101.40,42.50,995.40,503.20,426.40,1255.90,675.70,464.90,172.40,38.40,24.30,,,672.20,121.50,119.10,,528.80,105.60,112.70,587.00,99.40,117.30,1115.80,102.20,115.40,421.10,5.30,16643.00,99.40,112.00
2008-06-30,2008,6,107.30,998.60,13281.30,100.80,101.10,100.70,101.10,101.00,43.00,1158.20,607.10,545.50,1133.00,670.50,420.60,63.50,-124.80,25.30,,,775.20,113.20,111.60,,533.10,99.70,111.40,605.90,102.40,117.50,1139.00,101.20,114.80,398.20,5.50,17715.00,105.40,111.10
2008-07-31,2008,7,111.10,985.30,13447.00,100.60,100.00,100.70,100.90,100.50,46.50,1110.70,562.30,528.50,2156.40,1306.10,798.10,743.80,269.50,28.70,,,725.50,91.80,110.80,,549.40,103.00,113.00,638.10,104.60,117.80,1187.50,103.80,115.70,404.10,5.60,17758.00,100.00,113.60
2008-08-31,2008,8,116.80,1071.20,13492.70,100.60,99.70,100.60,100.90,100.40,45.00,1007.80,499.40,452.30,1239.60,727.70,445.40,228.30,-6.80,27.10,,,782.00,105.40,110.50,,565.10,103.00,113.30,666.10,103.80,116.10,1231.20,103.40,114.80,399.20,5.80,17244.00,97.20,112.10
2008-09-30,2008,9,111.20,1089.10,14106.30,100.70,100.80,100.70,101.00,100.80,43.00,1107.50,536.90,527.80,1239.20,751.20,447.20,214.30,-80.60,27.20,,,861.50,108.30,115.40,,569.70,100.10,113.20,675.70,100.80,116.60,1245.40,100.40,115.00,392.60,6.10,17739.00,102.10,111.40
2008-10-31,2008,10,117.50,1139.30,14213.80,101.00,101.70,100.80,100.00,100.90,38.40,1209.10,715.20,599.10,1606.30,937.10,637.10,221.90,38.00,26.70,,,879.00,101.00,106.90,,587.80,101.60,112.60,692.50,101.70,113.60,1280.30,101.60,113.10,410.00,6.50,17643.00,98.60,109.70
2008-11-30,2008,11,115.50,1276.80,14463.50,100.80,101.30,100.50,100.70,100.80,29.40,1412.60,842.80,532.70,958.00,570.60,366.80,-272.20,-165.90,21.10,,,877.40,99.40,99.70,,581.40,97.70,109.30,665.70,95.70,108.10,1247.10,96.60,108.70,371.10,6.80,17598.00,98.90,104.90
2008-12-31,2008,12,104.50,1051.30,13783.10,100.80,101.00,100.10,101.00,100.70,29.70,2793.80,1418.70,1205.20,1425.90,612.50,623.40,-806.10,-581.90,23.30,,,1350.10,154.60,93.50,,700.10,119.20,106.00,763.10,114.50,104.70,1463.20,116.70,105.50,378.80,7.60,21681.00,122.30,101.80
2009-01-31,2009,1,102.30,1142.20,13659.90,100.90,101.50,100.70,106.30,102.40,18.90,477.00,395.50,159.30,1059.90,772.00,292.90,376.50,133.60,10.30,,,340.20,25.20,81.30,,531.90,74.90,103.60,571.20,74.30,105.40,1103.10,74.60,104.70,342.30,8.40,17119.00,77.20,101.90
2009-02-28,2009,2,101.80,1184.50,14099.90,101.40,101.90,101.60,101.40,101.70,17.40,1095.20,692.30,389.50,829.70,448.30,347.00,-244.00,-42.50,13.20,,,426.20,124.00,83.80,,520.30,96.00,99.10,552.70,95.30,98.80,1073.00,95.60,99.10,324.30,9.20,17098.00,98.50,97.60
2009-03-31,2009,3,102.40,1194.10,14333.30,101.60,101.70,101.40,100.60,101.30,21.50,1234.90,674.60,502.50,1143.90,512.40,579.40,-162.20,77.00,14.20,,,457.90,108.40,80.90,,566.00,107.00,98.80,588.50,105.00,96.50,1154.50,105.90,97.70,356.10,9.00,18129.00,104.40,98.20
2009-04-30,2009,4,102.00,1203.70,14234.90,101.10,100.60,101.00,100.30,100.70,18.80,1333.60,810.80,547.80,1122.80,488.70,676.10,-322.10,128.20,14.10,,,485.00,106.00,80.40,,569.10,99.90,101.60,582.30,98.00,90.20,1151.40,98.90,95.60,335.00,8.70,18009.00,98.60,95.70
2009-05-31,2009,5,101.70,1215.80,14835.00,101.00,100.60,100.70,100.30,100.60,21.20,1070.20,544.80,457.80,891.90,420.00,413.60,-124.70,-44.20,13.10,,,562.50,115.30,76.30,,583.70,101.90,98.10,591.50,100.90,91.70,1175.20,101.40,94.80,341.80,8.40,18007.00,99.40,95.70
2009-06-30,2009,6,98.90,1198.70,15085.00,100.60,100.50,100.80,100.50,100.60,23.60,1408.80,775.80,554.80,994.50,530.80,402.30,-245.20,-152.50,14.70,,,674.60,119.50,80.60,,583.70,99.50,97.80,602.90,101.10,90.50,1186.60,100.30,94.00,336.10,8.20,19247.00,106.30,96.70
2009-07-31,2009,7,100.30,1155.30,15016.20,100.40,100.60,100.60,100.80,100.60,26.20,1309.40,805.00,543.80,1311.00,633.60,686.60,-171.40,142.80,15.20,,,633.40,93.40,81.90,,596.00,101.50,96.50,622.80,102.70,88.90,1218.80,102.10,92.50,374.30,8.00,18872.00,97.60,94.60
2009-08-31,2009,8,88.40,1202.00,15189.30,100.30,98.90,100.60,100.40,100.00,26.80,1285.10,881.30,434.80,1294.80,840.00,505.70,-41.20,70.90,14.80,,,675.80,105.20,81.70,,596.20,100.90,94.50,640.30,102.20,87.40,1236.50,101.60,90.80,375.60,7.80,18335.00,97.40,94.80
2009-09-30,2009,9,107.40,1184.40,15319.40,100.30,99.00,100.70,100.10,100.00,28.60,1289.70,861.60,509.30,906.50,468.60,418.10,-392.90,-91.30,16.80,,,751.80,110.10,83.10,,590.60,99.90,94.30,642.20,99.60,86.50,1232.80,99.80,90.20,370.60,7.50,18838.00,102.70,95.10
2009-10-31,2009,10,106.70,1193.70,15937.40,100.30,99.30,100.60,99.90,100.00,30.20,1202.30,827.20,517.90,1230.80,673.20,498.80,-154.10,-19.10,18.40,,,771.90,102.10,84.00,,608.20,103.60,96.20,665.60,103.10,87.70,1273.80,103.30,91.70,391.80,7.60,18798.00,99.70,96.50
2009-11-30,2009,11,102.10,1131.40,15683.10,100.40,100.20,100.40,100.10,100.30,30.40,1288.90,909.90,539.80,1085.90,658.30,447.30,-251.60,-92.40,18.40,,,831.30,106.80,90.30,,605.90,99.40,97.80,659.30,98.60,90.40,1265.20,99.00,93.90,390.80,8.10,19215.00,101.90,99.50
2009-12-31,2009,12,106.80,1011.30,15441.50,100.50,100.60,100.20,100.50,100.40,33.70,3053.20,1481.30,1098.40,1728.00,891.90,658.80,-589.40,-439.60,20.60,,,1365.40,163.40,95.40,,745.50,122.40,100.40,782.80,118.50,93.50,1528.30,120.30,96.80,404.90,8.00,24004.00,124.30,101.30
2010-01-31,2010,1,100.10,1119.60,15149.50,101.40,101.40,100.20,103.90,101.60,27.00,576.70,650.50,192.70,972.70,737.60,355.50,87.10,162.80,11.10,,,331.70,24.30,91.70,,583.60,77.10,103.30,612.80,78.30,98.50,1196.40,77.70,100.80,385.40,9.00,18938.00,76.70,101.20
2010-02-28,2010,2,100.30,1140.90,15624.70,101.20,101.30,100.30,101.00,100.90,30.10,1181.00,827.30,413.40,1028.70,570.70,334.30,-256.60,-79.10,15.20,,,421.50,125.10,92.50,,569.70,96.30,103.70,597.00,97.20,100.50,1166.70,96.80,102.00,359.10,8.50,19017.00,100.10,102.50
2010-03-31,2010,3,100.90,1150.20,15816.20,101.10,101.00,100.40,100.40,100.60,33.00,1463.00,721.70,505.60,1461.70,646.60,701.20,-75.10,195.60,18.40,,,489.70,117.60,100.40,,618.50,107.40,104.10,652.40,108.90,104.30,1270.90,108.20,104.20,400.30,8.50,20589.00,107.50,103.00
2010-04-30,2010,4,100.30,1136.20,15873.00,100.80,100.20,100.30,100.20,100.30,32.70,1469.20,831.00,552.70,1535.80,663.40,786.80,-167.60,234.10,18.90,,,527.20,107.40,101.70,,624.90,100.70,104.80,658.30,100.60,107.20,1283.20,100.60,106.00,387.80,8.10,20358.00,98.70,105.90
2010-05-31,2010,5,100.20,1218.40,16358.30,100.80,100.70,100.40,100.40,100.50,31.10,1204.00,628.50,473.60,1183.90,577.40,481.10,-51.10,7.50,19.10,,,642.20,119.70,105.60,,645.40,102.70,105.70,675.20,102.10,108.40,1320.60,102.40,107.10,390.60,7.20,20279.00,99.20,105.80
2010-06-30,2010,6,96.00,1172.80,16725.20,100.40,100.60,100.20,100.40,100.40,31.60,1437.30,727.20,609.60,1420.70,802.20,496.80,75.00,-112.80,19.30,,,793.10,122.60,108.30,,650.10,100.40,106.60,689.70,102.00,109.30,1339.80,101.20,108.00,367.10,6.70,21795.00,107.10,106.70
2010-07-31,2010,7,89.80,1148.00,16704.90,100.40,100.30,100.30,100.60,100.40,30.70,1385.80,785.00,551.70,1407.00,660.50,652.80,-124.40,101.10,20.80,,,683.90,85.80,99.50,,673.90,103.30,108.50,710.60,102.80,109.40,1384.50,103.00,108.90,378.60,6.80,21325.00,97.50,106.60
2010-08-31,2010,8,76.20,1132.10,16746.30,100.40,101.00,100.40,100.30,100.60,31.30,1271.90,752.50,492.80,1225.60,642.10,560.50,-110.60,67.60,23.60,,,794.70,114.20,108.10,,684.20,100.50,108.00,734.20,103.00,110.30,1418.40,101.80,109.20,380.90,6.70,20753.00,96.80,105.60
2010-09-30,2010,9,74.90,1127.20,17247.80,100.40,101.80,100.60,100.00,100.80,33.70,1320.90,777.50,553.00,1183.30,708.10,443.70,-69.30,-109.10,23.20,,,882.90,109.80,107.80,,680.90,97.70,105.60,732.10,99.20,109.80,1413.00,98.40,107.70,379.80,6.50,20999.00,100.40,103.20
2010-10-31,2010,10,96.30,1137.90,17596.70,100.50,100.80,100.60,100.00,100.50,34.60,1420.10,780.20,563.80,1346.70,712.90,568.00,-67.30,4.10,24.50,,,931.20,104.80,110.60,,702.70,102.40,104.40,764.30,103.80,110.60,1467.00,103.10,107.50,406.80,6.70,20970.00,99.30,103.00
2010-11-30,2010,11,93.00,1130.20,17935.70,100.40,101.50,100.70,100.20,100.80,34.50,1435.20,841.90,575.80,1298.90,710.20,528.50,-131.80,-47.40,24.50,,,977.70,104.30,108.00,,705.20,99.10,104.20,770.10,100.10,112.20,1475.30,99.60,108.20,405.30,6.60,21486.00,101.70,102.60
2010-12-31,2010,12,100.60,1048.10,18003.90,100.40,102.40,100.50,100.40,101.10,42.50,3451.60,1794.20,1152.20,1966.90,873.70,628.10,-920.30,-524.00,27.00,,,1676.30,171.40,113.30,,863.10,120.20,102.40,913.10,118.10,111.80,1776.20,119.10,107.10,403.80,7.00,28027.00,129.00,106.30
2011-01-31,2011,1,101.70,1143.30,17811.40,101.20,102.80,100.90,104.10,102.40,29.60,647.00,657.40,214.10,1115.90,804.90,311.80,147.50,97.70,16.20,,,367.80,21.60,100.90,,666.90,75.40,100.10,695.60,75.40,107.70,1362.50,75.40,103.90,405.00,7.60,20669.00,72.80,101.30
2011-02-28,2011,2,101.80,1153.90,18394.80,100.90,101.30,100.30,100.80,100.80,39.60,1302.00,769.70,438.10,1289.10,700.70,426.10,-69.00,-12.00,21.70,,,486.30,129.80,104.60,,667.40,98.80,102.70,688.20,98.80,109.40,1355.60,98.70,106.00,377.00,7.40,20680.00,99.10,100.70
2011-03-31,2011,3,101.70,1125.00,19053.70,100.70,101.00,100.50,100.30,100.60,42.50,1626.40,787.60,587.50,1987.50,887.20,902.20,99.50,314.70,26.80,,,567.90,118.40,105.40,,715.90,106.10,101.40,750.80,108.70,109.10,1466.70,107.40,105.20,406.50,7.00,22673.00,108.90,102.40
2011-04-30,2011,4,101.50,1181.20,19475.00,100.70,100.30,100.50,100.50,100.40,45.80,1578.30,961.90,568.30,1933.50,946.90,871.60,-14.90,303.30,26.90,,,611.10,107.60,105.80,,721.30,100.40,101.10,765.10,101.50,110.00,1486.40,100.90,105.50,396.30,7.10,22519.00,98.90,102.40
2011-05-31,2011,5,101.30,1198.50,19564.40,100.70,99.90,100.80,100.70,100.50,44.00,1395.70,638.20,537.70,1666.00,860.30,611.20,222.20,73.50,27.90,,,766.90,123.80,109.40,,737.40,102.20,100.60,796.40,103.30,111.30,1533.80,102.80,105.90,413.80,6.20,22779.00,100.50,103.50
2011-06-30,2011,6,102.00,1197.30,19655.50,100.60,99.60,100.40,100.70,100.20,43.70,1589.30,788.10,663.40,1893.10,1106.40,594.60,318.20,-68.90,27.50,,,928.00,121.00,107.90,,741.50,100.80,101.00,811.50,101.50,110.80,1553.00,101.20,105.90,394.60,6.00,24137.00,105.70,102.40
2011-07-31,2011,7,114.80,1257.10,19688.20,100.50,99.10,100.30,100.60,100.00,41.40,1526.70,874.70,571.60,1863.50,927.40,749.80,52.80,178.40,26.90,,,824.00,88.10,110.70,,761.40,103.40,101.10,839.50,103.20,111.20,1600.90,103.30,106.10,395.10,6.40,23598.00,97.80,102.40
2011-08-31,2011,8,125.90,1233.90,20019.00,100.40,98.40,100.50,100.30,99.80,43.80,1473.20,953.90,576.00,1747.50,986.40,612.10,32.40,36.00,29.40,,,969.20,115.70,112.10,,771.40,102.70,103.40,883.00,104.70,113.00,1654.40,103.80,108.20,387.20,6.00,23051.00,98.10,103.90
2011-09-30,2011,9,139.30,1283.00,20880.40,100.60,99.10,100.70,99.90,100.00,43.00,1606.80,650.60,629.40,1674.70,992.80,538.30,342.20,-91.10,26.80,,,1060.90,108.80,111.00,,765.70,100.00,105.80,879.50,98.90,112.70,1645.20,99.50,109.30,381.60,6.00,23468.00,101.80,105.30
2011-10-31,2011,10,140.40,1266.60,21089.80,100.50,100.50,100.70,100.10,100.50,45.20,1579.10,735.90,672.20,1854.40,1027.80,658.60,291.90,-13.50,28.70,,,1175.40,109.80,116.30,,793.30,102.90,106.30,910.00,102.90,111.70,1703.30,102.90,109.10,409.60,6.20,23602.00,100.10,106.20
2011-11-30,2011,11,140.50,1259.50,21846.80,100.70,100.50,100.60,100.10,100.40,46.40,1704.50,977.30,698.40,1644.60,924.00,652.20,-53.40,-46.40,29.80,,,1192.30,101.10,112.80,,793.80,99.50,106.80,902.20,98.60,110.10,1696.00,99.00,108.50,408.60,6.20,24296.00,102.50,107.00
2011-12-31,2011,12,104.80,1167.50,21796.90,100.70,100.70,100.30,100.30,100.40,50.20,3965.60,2130.30,1522.40,2185.60,1202.90,715.70,-927.40,-806.60,30.00,,,2085.90,175.20,115.30,,968.30,121.10,107.60,1078.20,119.20,111.10,2046.50,120.10,109.40,423.30,6.00,32809.00,134.40,111.40
2012-01-31,2012,1,102.50,1240.60,20617.00,101.00,100.70,100.40,100.20,100.50,39.50,1033.10,1032.40,275.60,1446.50,1059.60,395.50,27.20,119.90,19.10,,,457.30,21.80,116.30,,722.00,74.00,105.60,802.50,74.10,109.30,1524.50,74.10,107.50,426.90,6.30,23746.00,72.20,110.50
2012-02-29,2012,2,103.90,1209.60,21101.80,101.00,100.60,100.30,100.00,100.40,44.90,1688.40,1033.20,525.60,1500.90,806.40,479.30,-226.90,-46.30,24.70,,,602.30,129.40,116.00,,718.30,98.70,105.60,806.10,100.10,110.80,1524.40,99.50,108.30,393.50,6.20,24036.00,100.80,112.10
2012-03-31,2012,3,104.90,1251.20,22005.30,101.00,100.80,100.50,100.40,100.60,46.70,1862.10,970.90,648.00,2156.10,1100.30,861.20,129.50,213.20,28.40,,,670.50,112.90,110.60,,770.20,106.20,105.70,870.60,107.50,109.60,1640.80,106.90,107.80,425.00,6.30,25487.00,105.70,109.00
2012-04-30,2012,4,105.00,1277.60,22603.30,100.70,100.20,100.40,100.30,100.30,44.90,1895.00,1073.50,699.10,2011.50,1092.40,698.40,18.80,-0.70,26.80,,,709.90,105.50,108.40,,768.30,99.30,104.60,881.80,100.90,109.00,1650.10,100.20,107.00,406.70,5.60,25800.00,100.90,111.10
2012-05-31,2012,5,104.70,1272.80,22578.20,100.60,100.50,100.40,100.70,100.50,45.50,1660.30,841.20,646.10,2074.80,1024.60,844.50,183.50,198.40,28.20,,,931.60,130.00,113.90,,798.90,103.30,105.70,914.00,103.30,108.90,1712.90,103.30,107.60,413.60,5.20,26385.00,101.90,112.40
2012-06-30,2012,6,103.30,1308.70,23149.50,100.60,101.80,100.20,100.80,100.90,40.80,1822.30,978.50,702.20,1911.70,1117.10,620.70,138.60,-81.50,27.00,,,1089.00,116.10,109.30,,813.80,100.40,105.30,935.40,102.10,109.60,1749.20,101.30,107.70,392.20,5.20,27494.00,103.30,110.20
2012-07-31,2012,7,96.30,1287.20,23020.00,102.20,100.90,100.30,102.70,101.20,41.20,1803.40,1031.10,679.30,2065.10,1045.50,778.40,14.40,99.10,29.70,,,976.60,88.80,110.20,,831.90,101.00,102.80,962.20,102.60,109.10,1794.10,101.80,106.20,402.00,5.20,26684.00,96.00,108.10
2012-08-31,2012,8,95.80,1279.20,23202.40,101.20,99.20,100.40,100.60,100.10,41.10,1666.20,858.90,641.90,1857.40,1106.20,535.10,247.20,-106.80,30.00,,,1099.10,111.40,106.20,,849.70,102.10,102.10,999.00,103.50,107.90,1848.70,102.80,105.30,403.40,5.00,25718.00,96.30,106.00
2012-09-30,2012,9,91.40,1315.80,23425.90,101.00,100.00,100.70,101.00,100.60,42.90,1669.00,894.50,619.50,1661.20,1033.30,475.40,138.90,-144.00,27.40,,,1149.30,103.80,101.20,,848.30,99.50,101.60,1001.30,99.50,108.50,1849.60,99.50,105.30,405.00,5.00,25996.00,100.50,104.70
2012-10-31,2012,10,85.30,1352.70,23659.50,100.80,100.50,100.70,100.10,100.50,46.50,1934.10,1015.20,761.20,2126.80,1067.80,880.40,52.70,119.10,32.20,,,1373.00,118.70,109.40,,877.50,102.90,101.60,1027.00,101.80,107.40,1904.50,102.30,104.70,415.90,5.10,26803.00,102.60,107.10
2012-11-30,2012,11,90.50,1309.30,23748.00,100.60,100.40,100.40,100.00,100.30,45.30,1778.90,881.70,715.80,1735.40,951.60,581.80,69.80,-133.90,30.60,,,1303.30,95.10,102.90,,883.20,100.10,102.20,1017.10,98.60,107.40,1900.30,99.30,105.00,416.50,5.20,27448.00,102.10,106.70
2012-12-31,2012,12,101.40,1229.30,22866.90,100.80,100.90,100.30,100.40,100.50,48.20,4361.90,2283.90,1428.90,2887.70,1450.70,913.80,-833.10,-515.20,31.90,,,2224.20,170.00,99.90,,1079.30,121.10,102.20,1216.10,119.30,107.50,2295.40,120.10,105.00,433.50,5.10,36450.00,132.10,105.00
2013-01-31,2013,1,101.60,1278.50,22160.00,104.90,101.20,100.40,100.60,101.00,38.70,1303.30,1108.70,357.30,1591.70,1093.10,439.80,-15.60,82.50,21.70,,,511.40,21.10,104.00,,809.80,73.60,101.60,900.90,73.70,107.00,1710.70,73.70,104.50,420.90,6.00,26840.00,72.70,105.40
2013-02-28,2013,2,101.50,1328.90,22537.90,102.00,100.60,100.40,100.40,100.60,41.80,1807.60,1041.60,566.40,1614.90,888.20,467.60,-153.40,-98.70,26.50,,,652.50,125.80,101.10,,799.40,97.80,100.60,890.90,98.50,105.20,1690.30,98.20,103.10,384.50,5.80,26620.00,99.00,103.30
2013-03-31,2013,3,101.20,1445.30,23463.40,101.40,100.20,100.40,100.20,100.30,44.40,1999.80,1017.50,619.30,2195.00,1124.30,829.50,106.80,210.10,28.40,,,741.50,114.90,102.80,,872.40,108.50,102.80,967.90,108.20,105.90,1840.30,108.40,104.50,419.30,5.70,28693.00,107.50,105.10
2013-04-30,2013,4,100.80,1494.40,23890.60,101.00,100.70,100.40,100.50,100.50,44.30,2200.90,1063.00,803.00,2306.10,1118.80,926.20,55.80,123.30,29.80,,,771.60,104.30,101.70,,866.90,98.60,102.00,983.40,101.40,106.40,1850.30,100.00,104.30,407.10,5.60,30026.00,104.20,108.50
2013-05-31,2013,5,100.60,1525.80,23729.80,100.80,101.00,100.30,100.80,100.70,40.90,1559.80,693.40,610.30,1733.80,891.10,555.90,197.70,-54.50,26.40,,,987.00,127.10,99.40,,908.00,103.90,102.50,994.30,100.90,104.00,1902.30,102.30,103.40,414.70,5.20,29723.00,98.40,104.70
2013-06-30,2013,6,101.20,1659.80,24472.40,100.80,100.50,100.20,100.60,100.40,41.70,1964.00,965.60,736.90,1929.20,1142.20,479.50,176.60,-257.50,28.20,,,1160.10,116.60,99.90,,916.10,100.60,102.70,1024.10,102.80,104.70,1940.20,101.70,103.80,389.40,5.40,30986.00,103.90,105.30
2013-07-31,2013,7,105.50,1602.90,24910.10,100.50,99.80,100.10,103.10,100.80,43.60,2002.60,1153.00,709.90,2204.20,1072.30,863.40,-80.70,153.50,30.30,,,1053.20,90.70,102.00,,934.30,101.90,103.60,1056.90,103.10,105.10,1991.20,102.50,104.50,399.90,5.30,30229.00,96.80,106.40
2013-08-31,2013,8,103.30,1574.20,25462.20,100.50,99.00,100.50,100.90,100.10,42.40,1785.50,935.10,677.50,1897.20,1088.20,599.70,153.00,-77.70,28.40,,,1147.20,107.90,98.80,,948.30,102.30,103.90,1092.80,102.90,104.50,2041.10,102.60,104.20,405.10,5.20,29226.00,96.80,106.80
2013-09-30,2013,9,101.80,1604.20,25764.50,100.50,99.90,100.50,100.10,100.20,44.70,1880.70,973.70,679.80,1945.40,1186.30,525.20,212.70,-154.60,28.70,,,1202.50,103.50,98.50,,935.70,98.40,102.80,1084.00,98.70,103.60,2019.70,98.60,103.20,412.30,5.30,29346.00,100.20,106.30
2013-10-31,2013,10,121.90,1649.00,25891.00,100.60,101.20,100.50,99.90,100.60,43.40,2059.80,1129.80,771.30,2283.40,1136.10,931.50,6.30,160.20,30.60,,,1449.90,120.20,99.80,,973.40,102.80,102.70,1109.70,101.90,103.70,2083.10,102.30,103.30,441.60,5.50,30069.00,101.90,105.40
2013-11-30,2013,11,110.30,1630.50,26526.40,100.50,101.00,100.40,100.20,100.60,46.70,1975.90,1035.30,720.70,1869.30,1018.10,616.60,-17.20,-104.10,29.80,,,1431.90,99.80,104.70,,989.00,100.70,103.20,1110.50,99.70,104.80,2099.50,100.10,104.10,419.30,5.40,30290.00,100.80,104.10
2013-12-31,2013,12,101.40,1482.80,26263.70,100.40,100.80,100.20,100.60,100.50,49.40,4751.00,2226.20,1554.20,2872.50,1261.20,930.20,-965.00,-624.00,32.50,,,2341.50,162.10,99.80,,1189.70,119.50,101.80,1327.50,119.30,104.80,2517.20,119.40,103.50,444.50,5.60,39648.00,130.20,102.70
2014-01-31,2014,1,102.10,1508.90,25640.40,101.60,100.90,100.30,100.50,100.60,39.50,981.10,761.20,405.80,1726.30,1326.70,295.60,565.50,-110.20,21.00,,,492.20,21.40,94.10,,882.70,73.00,101.10,984.40,73.40,104.30,1867.10,73.20,102.80,434.70,5.60,29535.00,74.30,105.20
2014-02-28,2014,2,102.30,1636.50,25847.00,102.00,101.10,100.40,100.40,100.70,36.30,2392.40,1500.30,604.60,1853.50,1041.90,567.50,-458.50,-37.20,24.10,,,650.20,130.30,97.60,,884.50,99.10,102.50,986.80,99.90,105.80,1871.30,99.50,104.30,387.00,5.60,29255.00,98.40,104.60
2014-03-31,2014,3,102.50,1781.80,26420.10,102.30,101.70,100.70,100.50,101.00,46.90,2058.50,1084.20,672.80,2380.60,1152.80,927.50,68.70,254.80,27.40,,,741.70,115.70,98.20,,962.40,107.00,101.00,1092.10,110.00,107.60,2054.50,108.60,104.50,422.00,5.40,31486.00,106.90,103.80
2014-04-30,2014,4,103.30,1821.70,26581.30,101.20,101.30,100.60,100.70,100.90,47.50,2346.70,1280.50,818.50,2537.90,1232.90,1049.90,-47.60,231.40,27.80,,,779.40,105.80,99.60,,963.60,98.90,101.40,1079.30,98.30,104.50,2042.90,98.60,103.00,405.60,5.30,32947.00,103.80,103.20
2014-05-31,2014,5,103.30,1896.30,26849.70,101.20,101.50,100.50,100.80,100.90,43.90,1741.10,780.20,690.50,2074.00,1128.30,652.60,348.10,-38.00,26.20,,,1010.40,128.70,100.90,,999.40,102.40,100.00,1095.60,101.10,104.50,2095.00,101.70,102.40,420.60,4.90,32272.00,97.10,102.10
2014-06-30,2014,6,102.80,1790.10,27273.50,100.80,100.70,100.40,100.90,100.60,40.60,2063.80,995.70,769.70,2098.90,1238.30,559.00,242.60,-210.60,26.70,,,1195.20,115.70,100.10,,1003.30,99.70,99.00,1115.50,101.40,102.90,2118.80,100.60,101.10,401.20,4.90,33726.00,104.10,102.10
2014-07-31,2014,7,108.30,1873.20,27483.80,100.60,99.80,100.40,101.40,100.50,46.20,2136.80,1114.40,796.60,2437.00,1134.80,1015.40,20.30,218.70,29.20,,,1082.10,91.80,101.30,,1034.00,102.80,99.70,1158.20,103.30,103.20,2192.20,103.10,101.60,400.00,4.90,32515.00,95.90,101.40
2014-08-31,2014,8,104.60,1949.70,28104.20,101.10,99.50,100.50,100.70,100.20,41.40,1911.20,950.90,663.20,2035.20,1183.90,637.20,233.20,-25.90,25.30,,,1178.80,104.40,98.00,,1061.80,102.80,100.00,1202.00,103.20,103.00,2263.80,103.00,101.60,400.40,4.80,30763.00,94.40,98.80
2014-09-30,2014,9,116.30,1872.20,28493.50,100.60,101.10,100.60,100.30,100.70,38.10,2047.50,1061.60,728.70,2078.00,1258.70,620.70,197.00,-108.00,26.00,,,1232.30,105.90,100.20,,1044.30,97.60,99.50,1197.00,99.00,103.90,2241.30,98.40,101.80,405.70,4.90,31929.00,103.10,101.50
2014-10-31,2014,10,88.10,1934.70,29311.90,100.50,101.30,100.60,100.60,100.80,41.50,2294.70,1184.90,872.70,2342.10,1193.30,920.70,8.40,47.90,26.80,,,1507.80,120.10,100.10,,1084.60,102.70,99.40,1226.30,101.80,103.80,2310.90,102.20,101.70,427.60,5.10,32439.00,100.90,100.60
2014-11-30,2014,11,100.50,1977.70,30295.60,100.50,102.30,100.60,101.20,101.30,36.70,1917.40,925.30,746.40,1875.90,1059.80,588.40,134.50,-157.90,23.10,,,1460.80,94.40,94.70,,1097.90,99.20,98.20,1245.70,100.90,105.30,2343.60,100.10,101.90,418.60,5.20,32546.00,99.00,98.80
2014-12-31,2014,12,104.00,2015.90,31013.60,100.70,103.70,102.30,102.20,102.60,38.10,5720.50,3192.40,1583.80,3326.70,1545.50,1071.20,-1646.90,-512.60,24.50,,,2571.70,166.20,97.10,,1362.40,120.50,99.20,1592.40,125.50,110.70,2954.80,123.20,105.10,431.90,5.30,42136.00,126.50,96.00
2015-01-31,2015,1,102.20,2192.90,30238.60,101.90,106.20,103.20,102.20,103.90,27.90,1833.30,1540.00,383.70,1661.50,1324.20,310.20,-215.90,-73.50,12.20,73.90,100.00,516.90,20.60,95.20,,1001.00,69.80,94.60,1048.30,64.10,96.40,2049.30,66.70,95.60,417.70,5.50,30929.00,71.30,91.60
2015-02-28,2015,2,102.60,2190.40,30123.50,101.30,103.60,102.10,100.80,102.20,29.40,2403.80,1418.70,620.00,1741.50,954.70,493.30,-463.90,-126.70,15.40,99.80,98.20,681.70,129.20,93.80,,999.70,96.80,92.40,1023.70,95.80,92.50,2023.40,96.30,92.50,382.60,5.80,31325.00,99.30,92.60
2015-03-31,2015,3,103.60,2241.50,32107.30,101.70,101.60,101.40,100.30,101.20,32.90,2254.70,1171.30,760.20,2641.60,1159.20,1202.30,-12.10,442.10,17.10,112.50,101.20,762.10,114.90,93.50,,1086.50,106.90,92.30,1109.00,106.70,89.80,2195.50,106.80,91.00,425.40,5.90,32642.00,103.40,89.40
2015-04-30,2015,4,102.70,2046.40,32220.90,101.20,100.20,100.90,100.00,100.50,30.70,3040.00,1326.80,851.50,2660.30,1112.00,1158.00,-214.80,306.60,16.20,95.60,98.20,802.00,104.20,91.90,,1064.90,97.50,91.00,1092.80,97.70,89.20,2157.70,97.60,90.10,401.30,5.80,34377.00,104.90,90.40
2015-05-31,2015,5,102.10,2223.70,32072.70,100.60,100.00,100.50,100.50,100.40,30.70,1828.70,847.70,687.50,1809.80,810.70,682.80,-37.00,-4.80,15.30,97.60,97.60,989.00,122.70,88.10,,1092.60,102.40,91.00,1120.00,102.00,90.00,2212.60,102.20,90.50,405.80,5.60,34380.00,99.80,92.60
2015-06-30,2015,6,101.00,2202.40,32598.50,100.70,99.40,100.30,101.00,100.20,30.10,2271.00,1114.00,828.20,2233.90,1260.10,649.00,146.00,-179.30,16.20,103.20,99.10,1186.60,118.50,88.60,,1082.40,99.30,90.70,1139.90,101.40,90.00,2222.30,100.40,90.30,389.40,5.40,35395.00,102.80,91.40
2015-07-31,2015,7,97.40,2252.50,32823.50,100.50,99.60,100.50,103.00,100.80,27.30,2423.90,1420.20,823.00,2494.70,1175.10,1044.80,-244.90,221.80,16.80,100.50,98.50,1064.20,89.30,88.00,,1115.60,103.10,90.90,1184.50,103.30,90.00,2300.10,103.20,90.40,409.70,5.30,33901.00,95.00,90.80
2015-08-31,2015,8,101.90,2532.80,33923.30,100.40,99.20,100.80,101.30,100.40,25.00,2113.10,1028.30,707.80,2073.50,1163.90,604.20,135.50,-103.50,16.20,101.40,100.20,1152.70,105.40,86.40,,1131.50,101.90,90.10,1244.10,104.20,90.90,2375.60,103.10,90.50,402.90,5.30,32176.00,94.70,91.00
2015-09-30,2015,9,103.10,2367.70,33777.20,100.60,100.40,101.10,100.00,100.60,26.30,2079.50,927.30,753.50,2179.40,1185.50,667.50,258.20,-86.00,16.80,103.10,99.70,1211.80,103.60,86.20,,1113.40,97.90,90.40,1208.40,96.20,88.30,2321.80,97.00,89.30,411.30,5.20,32911.00,101.70,89.60
2015-10-31,2015,10,107.00,2447.00,34379.20,100.50,101.10,101.00,99.90,100.70,27.00,2252.80,1189.30,760.20,2414.90,1191.90,866.50,2.50,106.30,16.90,105.00,98.40,1569.20,129.90,93.00,,1151.90,102.10,89.90,1232.60,101.10,87.60,2384.50,101.60,88.70,450.30,5.50,33357.00,100.60,89.50
2015-11-30,2015,11,101.70,2425.70,34682.50,100.50,101.30,100.70,100.20,100.80,25.40,2164.10,1037.40,732.20,1768.10,838.80,627.70,-198.40,-104.60,16.40,101.90,101.00,1471.80,93.30,90.80,,1158.00,99.10,89.80,1228.50,98.90,86.00,2386.50,99.00,87.80,434.90,5.80,33347.00,99.30,89.60
2015-12-31,2015,12,103.00,2275.60,35736.40,100.40,101.30,100.40,100.70,100.80,28.70,5076.60,2599.30,1572.00,3242.80,1483.10,1001.90,-1116.20,-570.00,17.50,109.10,98.10,2489.20,163.10,89.20,,1414.80,120.70,89.90,1482.70,120.30,82.40,2897.50,120.50,85.90,450.10,5.80,43408.00,129.20,91.60
2016-01-31,2016,1,103.30,2366.60,34296.80,100.50,101.30,100.70,101.00,101.00,17.20,1095.50,693.60,415.20,1653.10,1094.00,360.40,400.40,-54.80,9.90,74.70,99.20,,,,98.40,1047.30,73.20,94.30,1081.80,72.60,93.30,2129.10,72.90,93.80,422.40,5.80,32660.00,74.30,96.40
2016-02-29,2016,2,103.80,2244.60,33617.60,100.70,100.70,100.80,100.30,100.60,20.10,2253.10,1247.10,666.60,1611.60,747.90,519.90,-499.20,-146.70,12.90,104.40,103.80,,,,98.80,1045.50,99.10,96.60,1073.70,98.60,96.00,2119.20,98.90,96.30,398.40,5.80,33873.00,103.20,100.60
2016-03-31,2016,3,103.60,2387.60,34536.30,100.90,100.30,100.80,100.10,100.50,23.20,2990.50,1608.60,763.10,2611.40,1068.80,1111.20,-539.90,348.10,15.40,108.80,100.30,,,,103.00,1105.00,105.10,94.90,1141.60,105.50,94.90,2246.60,105.30,94.90,425.10,6.00,35501.00,104.30,101.50
2016-04-30,2016,4,103.50,2419.90,34790.40,100.80,100.40,100.60,100.30,100.40,21.80,2690.40,1496.50,898.40,2453.90,999.40,1134.90,-497.00,236.50,15.10,96.30,101.00,,,,101.90,1087.20,97.80,95.20,1134.40,98.90,96.10,2221.60,98.30,95.70,404.70,5.90,36497.00,102.30,98.90
2016-05-31,2016,5,103.40,2411.50,34858.10,100.40,100.40,100.40,100.50,100.40,22.10,2077.10,993.50,736.50,1883.00,735.60,783.90,-257.90,47.40,14.50,98.10,101.50,,,,101.10,1105.10,101.10,94.00,1151.50,101.10,95.30,2256.60,101.10,94.70,409.70,5.60,37270.00,101.70,101.00
2016-06-30,2016,6,102.90,2281.60,35670.40,100.60,100.10,100.50,100.60,100.40,24.00,2476.30,1258.60,860.40,2308.50,1223.00,706.50,-35.60,-153.90,16.00,103.80,102.00,,,,102.60,1107.70,99.90,94.60,1174.70,101.50,95.40,2282.40,100.70,95.00,395.70,5.40,38447.00,102.70,101.10
2016-07-31,2016,7,107.40,2301.00,36046.10,100.50,99.90,100.40,101.70,100.50,22.50,2201.20,1114.40,788.70,2411.40,1101.60,930.90,-12.80,142.20,16.20,99.90,101.40,,,,100.60,1152.10,103.90,95.20,1228.00,104.10,96.10,2380.10,104.00,95.60,416.20,5.30,35888.00,92.80,98.70
2016-08-31,2016,8,105.70,2294.20,35654.90,100.40,99.30,100.40,100.30,100.00,23.10,2317.80,1176.20,743.70,2264.90,1173.70,785.70,-2.60,42.00,18.50,101.50,101.50,,,,98.70,1168.80,101.80,95.10,1288.40,104.50,96.30,2457.20,103.20,95.70,415.80,5.20,35405.00,98.50,102.70
2016-09-30,2016,9,104.70,2404.20,36322.00,100.40,99.80,100.60,100.10,100.20,25.40,2391.70,1216.40,790.80,2176.70,1151.40,698.00,-64.90,-92.70,17.90,101.70,100.10,,,,100.40,1154.00,98.70,95.90,1263.60,97.60,97.70,2417.60,98.10,96.80,429.10,5.20,35843.00,101.00,101.90
2016-10-31,2016,10,104.30,2453.50,36952.80,100.40,100.90,100.50,99.70,100.40,24.70,2381.70,1151.70,807.30,2496.50,1146.20,984.80,-5.50,177.30,18.20,106.60,101.60,,,,100.40,1176.00,101.00,94.90,1266.90,99.80,96.40,2442.90,100.30,95.70,447.70,5.40,35749.00,99.40,100.40
2016-11-30,2016,11,106.80,2465.30,37667.30,100.30,100.80,100.40,100.00,100.40,26.60,2568.80,1213.80,863.50,2224.80,995.20,819.70,-218.60,-43.70,17.60,103.60,103.40,,,,100.50,1183.00,99.80,95.50,1251.70,98.40,95.90,2434.70,99.00,95.70,446.20,5.40,36195.00,100.90,102.10
2016-12-31,2016,12,103.40,2240.90,37053.20,100.30,100.60,100.30,100.30,100.40,31.30,5879.60,3246.00,1602.20,4085.70,2023.20,1087.90,-1222.80,-514.30,19.50,105.80,100.20,,,,100.90,1414.60,118.80,94.00,1503.00,119.70,95.40,2917.60,119.20,94.70,464.60,5.30,47554.00,130.90,102.80
2017-01-31,2017,1,100.80,2460.50,33714.40,100.50,100.90,100.50,100.50,100.60,25.40,1682.90,1230.50,452.20,1978.80,1266.00,493.70,35.50,41.50,13.60,76.20,102.30,,,,103.30,1080.70,75.80,97.30,1134.20,75.10,98.70,2214.90,75.40,98.00,456.70,5.60,34422.00,74.40,101.00
2017-02-28,2017,2,100.40,2527.40,34651.90,100.30,100.20,100.20,100.30,100.20,25.80,2245.30,1141.30,686.40,1972.30,1024.90,553.40,-116.50,-133.10,15.50,99.40,97.30,,,,100.80,1063.90,98.30,96.40,1112.70,97.90,98.00,2176.60,98.10,97.20,414.20,5.60,35497.00,102.70,100.80
2017-03-31,2017,3,101.40,2537.80,35139.00,100.60,100.10,100.20,100.00,100.10,31.30,2964.20,1453.70,838.10,3085.50,1342.40,1278.50,-111.20,440.50,19.00,112.70,100.80,,,,99.70,1152.00,108.10,99.20,1209.20,108.40,100.70,2361.20,108.30,100.00,442.80,5.40,37899.00,106.60,103.10
2017-04-30,2017,4,101.00,2591.40,36129.70,100.30,100.60,100.20,100.20,100.30,26.10,2626.10,1371.00,882.00,2469.40,1130.40,933.30,-240.60,51.30,18.30,97.70,102.30,,,,98.50,1140.70,98.60,100.00,1196.10,98.80,100.60,2336.80,98.70,100.30,444.20,5.30,39225.00,103.30,103.80
2017-05-31,2017,5,100.50,2582.60,35546.70,100.40,100.60,100.20,100.40,100.40,28.30,2326.40,1112.10,800.40,2502.70,1066.80,1019.50,-45.20,219.10,19.60,101.20,105.60,,,,99.50,1163.80,101.70,100.60,1222.50,102.10,101.50,2386.30,101.90,101.10,449.30,5.20,39679.00,100.80,102.70
2017-06-30,2017,6,98.90,2640.60,36501.40,100.10,101.10,100.10,100.70,100.60,29.50,2598.10,1221.30,952.50,2498.80,1291.50,770.60,70.20,-182.00,20.70,101.70,103.50,,,,99.70,1165.60,99.50,100.20,1255.70,102.60,102.60,2421.30,101.10,101.40,431.60,5.10,41454.00,103.90,103.80
2017-07-31,2017,7,97.50,2667.20,37069.10,100.10,98.90,100.10,101.60,100.10,24.70,2380.80,1185.70,836.50,2704.80,1249.20,1036.20,63.30,199.80,20.80,97.50,101.10,,,,99.50,1213.20,104.60,100.80,1296.70,103.20,101.70,2509.90,103.80,101.30,442.00,5.10,38073.00,92.10,103.00
2017-08-31,2017,8,105.40,2562.40,37139.20,100.10,97.90,100.10,100.40,99.50,29.10,2416.60,1210.80,807.20,2428.80,1236.70,797.70,26.00,-9.50,22.40,102.00,101.50,,,,101.50,1234.70,103.00,102.10,1350.80,104.00,101.30,2585.50,103.50,101.70,449.50,4.90,37099.00,98.10,102.30
2017-09-30,2017,9,108.70,2445.80,37520.70,100.10,99.20,100.30,100.10,99.90,30.80,2439.30,1264.80,825.50,2427.90,1363.60,701.40,98.70,-124.10,20.60,101.00,100.90,,,,102.40,1235.40,100.60,104.00,1334.50,98.50,102.30,2569.90,99.50,103.10,442.10,5.00,38047.00,102.80,104.30
2017-10-31,2017,10,97.70,2472.90,38833.90,100.10,100.40,100.30,99.80,100.20,31.50,2529.00,1311.00,882.30,2836.90,1312.10,1139.40,1.20,257.10,21.50,105.70,100.00,,,,101.20,1251.00,100.80,103.80,1343.00,100.40,102.90,2594.00,100.60,103.40,476.60,5.10,38333.00,100.60,105.40
2017-11-30,2017,11,101.40,2479.70,39833.60,100.20,100.20,100.30,100.10,100.20,33.30,2689.70,1378.50,926.60,2362.80,1135.10,861.90,-243.40,-64.70,21.90,99.80,96.40,,,,100.90,1241.40,99.00,103.00,1329.80,98.70,103.20,2571.20,98.80,103.10,444.70,5.10,38848.00,101.10,105.80
2017-12-31,2017,12,103.40,2328.60,40257.60,100.00,100.70,100.30,100.30,100.40,37.10,5090.70,2539.60,1920.40,3371.30,1670.20,1172.60,-869.40,-747.80,24.10,108.20,98.50,,,,101.20,1493.40,119.60,103.70,1592.30,119.20,102.90,3085.70,119.40,103.30,465.40,5.10,51197.00,131.20,106.20
2018-01-31,2018,1,102.50,2308.40,38447.50,100.10,100.60,100.30,100.10,100.30,33.40,1719.60,1060.30,519.50,2136.10,1304.50,557.80,244.20,38.30,16.40,79.60,102.90,,,,100.10,1118.20,74.50,102.00,1204.80,75.40,103.30,2323.00,75.00,102.70,461.90,5.20,39017.00,76.30,111.00
2018-02-28,2018,2,102.60,2411.70,39645.30,100.20,100.40,100.10,100.10,100.20,31.20,2426.10,1173.00,752.00,2318.90,1230.20,642.70,57.20,-109.30,19.00,98.00,101.50,,,,101.00,1099.70,98.00,101.80,1163.40,96.40,101.80,2263.10,97.20,101.80,422.30,5.00,40443.00,102.50,110.50
2018-03-31,2018,3,102.70,,,100.10,100.60,100.20,100.10,100.30,,,,,,,,,,,112.10,101.00,,,,99.10,1197.90,108.40,102.10,1263.20,108.40,101.80,2461.10,108.40,102.00,473.00,5.00,41650.00,102.70,106.50
